"Table E: Finished admission episodes by primary diagnosis chapter for England, Commissioning Region and individual provider (2018-19)",,,,,,,,,,,,,,,,,,,,,,,
,,,,,,,,,,,,,,,,,,,,,,,
"NHS Digital, Hospital Episode Statistics for England. Inpatient statistics, 2018-19.",,,,,,,,,,,,,,,,,,,,,,,
Activity in English NHS Hospitals and English NHS commissioned activity in the independent sector.,,,,,,,,,,,,,,,,,,,,,,,
For more information on data quality please see the data quality note accompanying this publication.,,,,,,,,,,,,,,,,,,,,,,,
,, 55 , 56 , 57 , 58 , 59 , 60 , 61 , 62 , 63 , 64 , 65 , 66 , 67 , 68 , 69 , 70 , 71 , 72 , 73 , 74 , 75 ,
, Commissioning Region/Provider ,"Certain infectious and parasitic diseases
(A00-B99)","Neoplasms
(C00-D48)","Diseases of the blood and blood-forming organs and certain disorders involving the immune mechanism
(D50-D89)","Endocrine, nutritional and metabolic diseases
(E00-E90)","Mental and behavioural disorders
(F00-F99)","Diseases of the nervous system
(G00-G99)","Diseases of the eye and adnexa
(H00-H59)","Diseases of the ear and mastoid process
(H60-H95)","Diseases of the circulatory system
(I00-I99)","Diseases of the respiratory system
(J00-J99)","Diseases of the digestive system
(K00-K93)","Diseases of the skin and subcutaneous tissue
(L00-L99)","Diseases of the musculoskeletal system and connective tissue
(M00-M99)","Diseases of the genitourinary system
(N00-N99)","Pregnancy, childbirth and the puerperium
(O00-O99)","Certain conditions originating in the perinatal period
(P00-P96)","Congenital malformations, deformations and chromosomal abnormalities
(Q00-Q99)","Symptoms, signs and abnormal clinical and laboratory findings, not elsewhere classified
(R00-R99)","Injury, poisoning and certain other consequences of external causes
(S00-T98)",Codes for special purposes (U00-U89) ,"Factors influencing health status and contact with health services 
(Z00-Z99)",
ALL, ENGLAND ," 481,037 "," 2,089,990 "," 394,045 "," 309,946 "," 175,879 "," 376,551 "," 722,439 "," 84,407 "," 947,224 "," 1,094,428 "," 2,258,974 "," 365,794 "," 1,305,064 "," 930,993 "," 1,210,033 "," 250,698 "," 104,073 "," 1,929,188 "," 1,066,698 ", 4 ," 1,030,033 ",
,,,,,,,,,,,,,,,,,,,,,,,
Y54, North Of England ," 160,660 "," 613,135 "," 118,025 "," 102,475 "," 55,650 "," 113,860 "," 237,560 "," 27,090 "," 299,325 "," 365,790 "," 721,800 "," 116,725 "," 427,085 "," 288,970 "," 360,300 "," 72,470 "," 32,220 "," 515,625 "," 340,040 ", -   ," 308,215 ",
Y55, Midlands and East of England ," 141,245 "," 717,090 "," 114,995 "," 91,320 "," 51,080 "," 99,155 "," 212,865 "," 24,545 "," 280,470 "," 324,780 "," 616,825 "," 105,705 "," 389,740 "," 265,940 "," 378,130 "," 70,925 "," 25,710 "," 588,575 "," 297,580 ", -   ," 303,790 ",
Y56, London ," 69,085 "," 294,020 "," 78,005 "," 52,020 "," 30,875 "," 76,300 "," 93,360 "," 12,420 "," 142,190 "," 157,545 "," 363,260 "," 55,920 "," 173,075 "," 150,095 "," 223,785 "," 55,090 "," 28,220 "," 274,035 "," 147,580 ", -   ," 174,130 ",
Y58, South West ," 46,035 "," 248,565 "," 39,130 "," 27,685 "," 17,045 "," 36,960 "," 76,500 "," 8,615 "," 100,750 "," 102,645 "," 234,880 "," 36,330 "," 120,395 "," 89,215 "," 110,300 "," 20,210 "," 7,160 "," 195,395 "," 123,880 ", -   ," 96,850 ",
Y59, South East ," 64,020 "," 217,165 "," 43,885 "," 36,440 "," 21,230 "," 50,270 "," 102,150 "," 11,740 "," 124,465 "," 143,675 "," 322,205 "," 51,110 "," 194,515 "," 136,735 "," 137,515 "," 32,000 "," 10,765 "," 355,555 "," 157,615 ", -   ," 147,035 ",
,,,,,,,,,,,,,,,,,,,,,,,
RTQ, 2gether NHS Foundation Trust (RTQ) , * , -   , -   , -   ," 1,115 ", 30 , -   , -   , * , -   , -   , -   , -   , -   , -   , -   , * , 15 , * , -   , 25 ,
REM, Aintree University Hospital NHS Foundation Trust (REM) ," 3,020 "," 9,805 "," 2,235 "," 1,895 "," 1,435 "," 1,850 "," 3,035 ", 475 ," 7,045 "," 8,255 "," 20,590 "," 2,530 "," 7,565 "," 5,215 ", 55 , -   , 145 ," 14,230 "," 9,915 ", -   ," 5,845 ",
RCF, Airedale NHS Foundation Trust (RCF) ," 2,345 "," 11,215 "," 1,550 "," 1,210 ", 310 , 720 ," 1,105 ", 250 ," 3,580 "," 3,800 "," 8,990 ", 915 ," 2,740 "," 5,150 "," 6,000 ", 520 , 100 ," 6,795 "," 2,795 ", -   ," 5,470 ",
RBS, Alder Hey Children's NHS Foundation Trust (RBS) ," 2,630 "," 3,610 ", 890 ," 1,575 ", 155 ," 1,355 ", 580 , 505 , 375 ," 4,545 "," 5,105 ", 915 ," 2,510 "," 2,620 ", -   , 870 ," 4,340 "," 4,195 "," 3,805 ", -   ," 2,010 ",
RTK, Ashford and St Peter's Hospitals NHS Foundation Trust (RTK) ," 1,915 "," 5,640 "," 1,230 "," 1,295 ", 295 ," 1,225 "," 4,250 ", 245 ," 5,210 "," 5,050 "," 14,155 "," 1,550 "," 4,695 "," 5,300 "," 5,185 "," 2,010 ", 505 ," 6,710 "," 3,940 ", -   ," 3,930 ",
NVC01, Ashtead Hospital (NVC01) , 15 , 30 , 10 , * , * , 60 , 430 , * , 25 , 40 , 760 , 35 , 475 , 55 , -   , -   , * , 205 , 10 , -   , 35 ,
NYW04, Aspen - Claremont Hospital (NYW04) , * , 45 , 10 , * , * , 45 , 45 , * , * , 15 , 730 , 15 ," 1,470 ", 155 , -   , -   , * , 185 , 20 , -   , 35 ,
NYW03, Aspen - Highgate Hospital (NYW03) , * , 50 , * , -   , -   , 15 , * , * , * , 35 , 225 , 20 , 380 , * , -   , -   , * , 25 , * , -   , * ,
NYW02, Aspen - Parkside Hospital (NYW02) , * , * , -   , -   , 90 , 10 , -   , * , * , 60 , 90 , * , 170 , * , -   , -   , -   , 10 , * , -   , -   ,
NYW20, Aspen - The Chelmsford (NYW20) , -   , * , -   , -   , -   , -   , 85 , -   , -   , -   , -   , -   , -   , -   , -   , -   , -   , -   , -   , -   , -   ,
NYW01, Aspen - The Holly (NYW01) , * , 80 , -   , 35 , -   , 110 , * , 20 , * , 185 , 170 , 45 ," 1,505 ", 215 , -   , -   , * , 35 , 25 , -   , 15 ,
NXP37, Aspen Centre (NXP37) , -   , -   , -   , -   , -   , 30 , -   , -   , -   , -   , -   , -   , -   , -   , -   , -   , -   , -   , -   , -   , -   ,
NYW17, Aspen Healthcare - Midland Eye (NYW17) , -   , -   , -   , -   , -   , -   ," 1,135 ", -   , -   , -   , -   , -   , -   , -   , -   , -   , -   , -   , -   , -   , -   ,
RVN, Avon and Wiltshire Mental Health Partnership NHS Trust (RVN) , -   , * , -   , * ," 2,235 ", 10 , -   , -   , * , * , -   , -   , -   , * , 10 , -   , -   , 230 , * , -   , 25 ,
RF4," Barking, Havering and Redbridge University Hospitals NHS Trust (RF4) "," 4,515 "," 10,735 "," 3,065 "," 2,405 ", 290 ," 2,685 "," 3,735 ", 835 ," 7,265 "," 10,330 "," 17,580 "," 4,055 "," 9,855 "," 10,130 "," 10,980 "," 4,770 ", 505 ," 15,935 "," 6,875 ", -   ," 6,570 ",
NTP13, Barlborough NHS Treatment Centre (NTP13) , -   , * , -   , -   , -   , 70 , -   , -   , -   , -   , -   , * ," 2,260 ", -   , -   , -   , * , * , 95 , -   , * ,
RFF, Barnsley Hospital NHS Foundation Trust (RFF) ," 2,445 "," 5,875 "," 2,135 "," 1,920 ", 640 ," 1,060 "," 2,150 ", 340 ," 4,100 "," 6,120 "," 11,650 "," 2,500 "," 4,550 "," 4,155 "," 6,165 "," 1,185 ", 125 ," 8,265 "," 4,810 ", -   ," 3,435 ",
R1H, Barts Health NHS Trust (R1H) ," 8,295 "," 11,990 "," 6,230 "," 3,975 "," 1,260 "," 7,170 "," 5,950 "," 1,280 "," 20,905 "," 17,630 "," 33,860 "," 4,815 "," 16,250 "," 15,365 "," 22,260 "," 5,070 "," 2,120 "," 36,620 "," 18,645 ", -   ," 16,880 ",
RDD, Basildon and Thurrock University Hospitals NHS Foundation Trust (RDD) ," 3,500 "," 9,745 "," 2,750 "," 2,390 ", 850 ," 1,890 ", 275 , 365 ," 11,900 "," 6,870 "," 13,325 "," 2,610 "," 7,040 "," 5,730 "," 10,150 "," 1,310 ", 170 ," 17,965 "," 7,365 ", -   ," 11,945 ",
RC1, Bedford Hospital NHS Trust (RC1) ," 1,840 "," 6,390 "," 1,330 ", 815 , 360 , 930 ," 2,850 ", 230 ," 3,760 "," 4,070 "," 11,425 "," 2,245 "," 3,470 "," 3,610 "," 4,440 "," 1,190 ", 400 ," 7,650 "," 3,850 ", -   ," 4,470 ",
NWF01, Benenden Hospital (NWF01) , -   , 35 , -   , -   , -   , 60 , 555 , 30 , -   , 60 , 130 , 15 ," 1,310 ", 140 , -   , -   , * , * , 30 , -   , 10 ,
RWX, Berkshire Healthcare NHS Foundation Trust (RWX) , 40 , 15 , 10 , 20 , 955 , 60 , -   , -   , 60 , 125 , 20 , 35 , 120 , 100 , -   , -   , -   , 560 , 300 , -   , 720 ,
NWX11, Bics-Community (NWX11) , -   , 10 , -   , -   , -   , 190 , -   , -   , * , -   , -   , * ," 2,180 ", * , -   , -   , * , 25 , 55 , -   , * ,
RXT, Birmingham and Solihull Mental Health NHS Foundation Trust (RXT) , -   , -   , -   , -   ," 2,130 ", 60 , -   , -   , -   , -   , -   , -   , -   , -   , -   , -   , -   , 15 , * , -   , 40 ,
RYW, Birmingham Community Healthcare NHS Foundation Trust (RYW) , * , 30 , -   , * , * , 10 , -   , -   , 45 , 50 , 15 , * , 100 , 25 , -   , -   , -   ," 3,320 ", 190 , -   , * ,
RXKTC, Birmingham Treatment Centre (RXKTC) , 10 ," 1,235 ", 10 , 80 , * , 360 , * , 125 , 70 , 475 , 840 , 170 ," 3,455 "," 1,370 ", * , -   , 55 , 330 , 515 , -   , 240 ,
RQ3, Birmingham Women's and Children's NHS Foundation Trust (RQ3) ," 2,515 "," 5,565 "," 2,105 "," 1,345 ", 325 ," 1,555 ", 505 ," 1,020 ", 655 ," 4,575 "," 4,195 ", 970 ," 1,290 "," 2,990 "," 11,225 "," 3,550 "," 5,545 "," 4,880 "," 4,045 ", -   ," 6,780 ",
TAJ, Black Country Partnership NHS Foundation Trust (TAJ) , -   , -   , -   , * ," 1,215 ", 25 , -   , -   , -   , * , -   , -   , -   , -   , -   , -   , -   , 75 , -   , -   , 40 ,
RXL, Blackpool Teaching Hospitals NHS Foundation Trust (RXL) ," 3,660 "," 22,050 "," 2,700 "," 1,615 ", 635 ," 1,260 "," 4,750 ", 560 ," 9,590 "," 7,865 "," 12,275 "," 2,925 "," 4,785 "," 5,025 "," 4,940 "," 1,295 ", 325 ," 9,960 "," 4,870 ", -   ," 4,435 ",
NVC31, Blakelands Hospital (NVC31) , 75 , 40 , 20 , * , -   , 155 , 890 , -   , * , -   ," 2,265 ", 85 , 410 , 150 , -   , -   , -   , 545 , * , -   , 140 ,
NHW04, Blandford Hospital (Standard Health) (NHW04) , -   , -   , -   , -   , -   , -   , -   , -   , -   , -   , -   , -   , * , -   , -   , -   , -   , -   , -   , -   , -   ,
NT402, BMI - Bath Clinic (NT402) , 10 , 25 , * , * , -   , 10 , 480 , * , * , 20 , 365 , * , 705 , 85 , -   , -   , * , 55 , 15 , -   , 15 ,
NT405, BMI - Bishops Wood (NT405) , * , 45 , * , * , -   , 25 , 220 , * , -   , 55 , 220 , 20 , 355 , 170 , -   , -   , * , 40 , 10 , -   , * ,
NT409, BMI - Chelsfield Park Hospital (NT409) , * , 55 , * , 10 , -   , 15 , 90 , -   , -   , 35 , 325 , 35 , 495 , 450 , * , -   , * , 135 , 25 , -   , 25 ,
NT414, BMI - Fawkham Manor Hospital (NT414) , 15 , 35 , * , * , * , 10 , -   , -   , * , -   , 330 , 30 , 345 , 275 , -   , -   , * , 120 , * , -   , 25 ,
NT417, BMI - Goring Hall Hospital (NT417) , * , 15 , * , * , -   , 40 ," 1,045 ", -   , * , -   , 70 , * , 990 , 645 , * , -   , 10 , 75 , 55 , -   , 40 ,
NT416, BMI - Hendon Hospital (NT416) , * , 70 , * , -   , -   , 45 , 365 , -   , * , -   , 255 , 25 , 210 , 135 , -   , -   , * , 35 , 15 , -   , 10 ,
NT433, BMI - Sarum Road Hospital (NT433) , -   , * , -   , -   , -   , 160 , -   , -   , -   , -   , 20 , * , 860 , * , -   , -   , * , 45 , 10 , -   , * ,
NT436, BMI - Shirley Oaks Hospital (NT436) , 20 , 130 , 15 , * , -   , 130 , 765 , 15 , * , 20 , 860 , 20 ," 1,035 ", 670 , -   , -   , 10 , 295 , 35 , -   , 175 ,
NT401, BMI - The Alexandra Hospital (NT401) , 35 , 125 , 30 , 40 , -   , 165 , 260 , -   , * , * ," 1,250 ", 105 ," 2,675 ", 135 , -   , -   , * , 255 , 40 , -   , 45 ,
NT403, BMI - The Beardwood Hospital (NT403) , 35 , 40 , 10 , -   , * , 230 , * , 30 , * , 120 , 930 , 20 ," 5,195 ", 275 , -   , -   , 10 , 295 , 30 , -   , 55 ,
NT404, BMI - The Beaumont Hospital (NT404) , 50 , 80 , 30 , * , * , 160 , -   , 45 , -   , 180 ," 1,105 ", 25 ," 2,200 ", 650 , * , -   , 15 , 415 , 25 , -   , 355 ,
NT406, BMI - The Blackheath Hospital (NT406) , 30 , 70 , 15 , * , * , 30 , 130 , 25 , -   , 50 , 630 , 40 , 505 , 365 , -   , -   , 10 , 190 , 20 , -   , 145 ,
NT408, BMI - The Chaucer Hospital (NT408) , 40 , 55 , 10 , * , * , 35 , 855 , 15 , -   , 50 , 580 , 30 , 500 , 225 , -   , -   , * , 220 , 15 , -   , 65 ,
NT410, BMI - The Chiltern Hospital (NT410) , * , 10 , -   , -   , -   , * , -   , * , -   , * , 70 , * , 455 , 170 , -   , -   , * , 55 , * , -   , 15 ,
NT411, BMI - The Clementine Churchill Hospital (NT411) , 20 , 80 , * , * , -   , 55 , 240 , 20 , * , 75 , 700 , 45 ," 1,050 ", 700 , -   , -   , * , 175 , 20 , -   , 40 ,
NT412, BMI - The Droitwich Spa Hospital (NT412) , 25 , 65 , 25 , * , -   , 115 , 510 , 10 , * , 40 , 740 , 40 , 875 , 360 , -   , -   , 10 , 355 , 25 , -   , 75 ,
NT413, BMI - The Esperance Hospital (NT413) , 65 , 35 , 15 , * , -   , * , 75 , 10 , * , 75 , 435 , 25 , 560 , 260 , -   , -   , * , 195 , 10 , -   , 95 ,
NT418, BMI - The Hampshire Clinic (NT418) , 10 , 70 , 10 , * , -   , 190 , 235 , * , * , 20 , 615 , 55 ," 1,145 ", 380 , -   , -   , * , 170 , 30 , -   , 50 ,
NT419, BMI - The Harbour Hospital (NT419) , * , * , -   , -   , -   , 105 , 245 , -   , -   , -   , 35 , * , 130 , * , -   , -   , -   , 25 , * , -   , 15 ,
NT420, BMI - The Highfield Hospital (NT420) , 15 , 55 , * , 10 , * , 55 , 105 , 40 , * , 135 , 700 , 40 ," 1,675 ", 425 , -   , -   , 10 , 120 , 30 , -   , 25 ,
NT421, BMI - The Kings Oak Hospital (NT421) , -   , 90 , * , * , -   , 120 , * , * , * , 10 , 160 , 35 , 940 , 365 , * , -   , 10 , 45 , 10 , -   , 40 ,
NT422, BMI - The London Independent Hospital (NT422) , 40 , 195 , 15 , * , * , 140 , 120 , 15 , 20 , 80 ," 2,325 ", 210 ," 3,295 ", 775 , * , -   , 15 , 485 , 35 , -   , 45 ,
NT423, BMI - The Manor Hospital (NT423) , * , 25 , 10 , * , -   , 30 , -   , -   , * , -   , 250 , * , 505 , 350 , -   , -   , * , 195 , * , -   , 20 ,
NT424, BMI - The Meriden Hospital (NT424) , 10 , 65 , * , -   , -   , 120 , -   , * , -   , 45 , 590 , 15 ," 1,730 ", 175 , * , -   , * , 85 , 35 , -   , 15 ,
NT427, BMI - The Park Hospital (NT427) , 15 , 55 , * , * , -   , 30 , 70 , -   , * , -   , 355 , 75 ," 1,295 ", 550 , * , -   , * , 135 , 35 , -   , 40 ,
NT428, BMI - The Princess Margaret Hospital (NT428) , 15 , 30 , * , * , -   , 10 , * , -   , -   , -   , 255 , * , 180 , 200 , -   , -   , -   , 120 , 15 , -   , 25 ,
NT429, BMI - The Priory Hospital (NT429) , 10 , 25 , * , -   , -   , 20 , * , -   , * , -   , 255 , 10 , 385 , 330 , -   , -   , * , 65 , 15 , -   , 15 ,
NT430, BMI - The Ridgeway Hospital (NT430) , 30 , 55 , 35 , * , * , 10 , 855 , -   , * , * , 735 , 15 , 570 , 535 , -   , -   , * , 295 , 10 , -   , 60 ,
NT431, BMI - The Runnymede Hospital (NT431) , 10 , 30 , * , -   , -   , 10 , -   , -   , -   , -   , 160 , 15 , 210 , -   , -   , -   , * , 25 , * , -   , * ,
NT432, BMI - The Sandringham Hospital (NT432) , 20 , * , 10 , * , -   , * , 345 , -   , * , -   , 465 , 10 , 470 , 245 , -   , -   , * , 80 , 15 , -   , 20 ,
NT434, BMI - The Saxon Clinic (NT434) , * , 20 , 10 , -   , -   , 60 , -   , -   , -   , -   , 265 , 10 ," 1,010 ", * , -   , -   , * , 220 , 10 , -   , 15 ,
NT435, BMI - The Shelburne Hospital (NT435) , -   , -   , -   , * , -   , * , -   , -   , -   , -   , 230 , * , 50 , 15 , -   , -   , -   , * , * , -   , * ,
NT437, BMI - The Sloane Hospital (NT437) , * , 40 , * , * , -   , 35 , 90 , -   , -   , 35 , 275 , 15 , 350 , 220 , * , -   , * , 40 , 20 , -   , 25 ,
NT438, BMI - The Somerfield Hospital (NT438) , * , 30 , * , * , -   , 10 , 245 , -   , -   , * , 145 , 35 , 415 , 105 , -   , -   , -   , 45 , 10 , -   , * ,
NT439, BMI - The South Cheshire Private Hospital (NT439) , 30 , 65 , 10 , * , * , 50 , * , 25 , 10 , 105 ," 1,075 ", 30 , 545 , 460 , -   , -   , * , 195 , 25 , -   , 35 ,
NT443, BMI - The Winterbourne Hospital (NT443) , -   , * , -   , * , -   , 70 , 185 , -   , * , -   , 320 , 10 , 505 , -   , -   , -   , -   , * , 15 , -   , * ,
NT440, BMI - Thornbury Hospital (NT440) , 10 , 45 , * , * , -   , 15 , -   , -   , -   , -   , 395 , 10 , 300 , 275 , -   , -   , * , 55 , 20 , -   , 15 ,
NT441, BMI - Three Shires Hospital (NT441) , 30 , 120 , 25 , * , -   , 195 , -   , -   , -   , * , 940 , 70 ," 1,840 ", 515 , -   , -   , 15 , 285 , 85 , -   , 70 ,
NT497, BMI Gisburne Park Hospital (NT497) , * , 15 , -   , -   , * , 95 , 895 , 25 , -   , 140 , 185 , 10 ," 1,390 ", 170 , -   , -   , * , 55 , 10 , -   , 15 ,
NT455, BMI Mount Alvernia Hospital (NT455) , 10 , 15 , * , * , * , 45 , 35 , * , * , 40 , 215 , 10 , 380 , 135 , -   , -   , * , 85 , * , -   , 10 ,
NT490, BMI Southend Private Hospital (NT490) , -   , 155 , -   , -   , -   , 55 ," 1,780 ", -   , * , * , * , 100 , 10 , * , -   , -   , * , -   , * , -   , * ,
NT446, BMI St Edmunds Hospital (NT446) , * , 10 , * , * , -   , 20 , 200 , -   , -   , -   , 345 , * , 490 , 150 , -   , -   , -   , 90 , * , -   , 55 ,
NT451, BMI The Cavell Hospital (NT451) , 35 , 150 , 10 , * , -   , 10 , 65 , 10 , * , 35 , 570 , 35 , 595 , 585 , -   , -   , 10 , 150 , 25 , -   , 50 ,
NT447, BMI The Duchy Hospital (NT447) , * , 10 , * , -   , -   , 25 , -   , * , 15 , -   , 155 , * , 425 , 85 , -   , -   , * , 75 , * , -   , 20 ,
NT445, BMI The Edgbaston Hospital (NT445) , 30 , 75 , 25 , * , -   , 135 , -   , * , * , 130 , 680 , 30 , 855 , 490 , -   , -   , 10 , 370 , 25 , -   , 30 ,
NT448, BMI The Huddersfield Hospital (NT448) , 15 , 45 , * , * , * , 205 , * , -   , * , 205 , 715 , 15 , 950 , 460 , -   , -   , * , 165 , 25 , -   , 55 ,
NT449, BMI The Lancaster Hospital (NT449) , * , 30 , * , -   , -   , 60 , 20 , -   , * , -   , 210 , 35 ," 1,145 ", 55 , -   , -   , * , 40 , 20 , -   , * ,
NT450, BMI The Lincoln Hospital (NT450) , -   , 10 , -   , -   , -   , * , 145 , -   , -   , -   , 30 , * , 830 , 150 , -   , -   , 10 , 10 , 30 , -   , 15 ,
NT457, BMI Woodlands Hospital (NT457) , * , 75 , * , * , -   , 155 , 995 , -   , 110 , 40 , 560 , 25 ," 2,010 ", 615 , -   , -   , 15 , 275 , 120 , -   , 50 ,
RMC, Bolton NHS Foundation Trust (RMC) ," 3,460 "," 5,155 "," 1,165 ", 880 , 800 ," 1,365 "," 2,925 ", 435 ," 3,755 "," 7,240 "," 13,580 "," 1,480 "," 2,860 "," 3,750 "," 15,080 "," 1,955 ", 230 ," 7,075 "," 4,930 ", -   ," 7,215 ",
NVC27, Boston West Hospital (NVC27) , 25 , 20 , 25 , * , 15 , 10 , 710 , -   , 25 , -   , 750 , * ," 1,075 ", 385 , -   , -   , * , 190 , 10 , -   , 45 ,
TAD, Bradford District Care NHS Foundation Trust (TAD) , -   , -   , -   , -   , 800 , 30 , -   , -   , -   , -   , -   , -   , -   , * , -   , -   , -   , 150 , * , -   , -   ,
RAE, Bradford Teaching Hospitals NHS Foundation Trust (RAE) ," 3,835 "," 11,395 "," 3,165 "," 2,225 "," 1,160 "," 2,255 "," 2,765 ", 925 ," 5,620 "," 9,715 "," 14,600 "," 3,250 "," 7,395 "," 7,325 "," 21,240 "," 2,600 ", 450 ," 23,560 "," 9,735 ", -   ," 8,840 ",
RXH, Brighton and Sussex University Hospitals NHS Trust (RXH) ," 3,270 "," 10,220 "," 2,180 "," 1,975 ", 975 ," 4,195 "," 5,165 ", 835 ," 8,435 "," 7,085 "," 15,555 "," 2,535 "," 8,445 "," 6,800 "," 6,825 "," 1,530 ", 845 ," 12,335 "," 9,910 ", -   ," 8,690 ",
RXQ, Buckinghamshire Healthcare NHS Trust (RXQ) ," 3,555 "," 12,765 "," 1,615 "," 1,655 ", 495 ," 2,280 "," 6,565 ", 420 ," 5,145 "," 6,065 "," 11,235 "," 3,810 "," 7,610 "," 5,995 "," 10,085 "," 1,545 ", 270 ," 16,825 "," 7,280 ", -   ," 10,575 ",
RWY, Calderdale and Huddersfield NHS Foundation Trust (RWY) ," 3,120 "," 15,485 "," 2,700 "," 2,575 ", 740 ," 1,815 "," 3,250 ", 785 ," 6,565 "," 9,915 "," 17,000 "," 2,685 "," 8,095 "," 7,415 "," 7,765 "," 2,195 ", 375 ," 11,680 "," 6,570 ", -   ," 8,600 ",
RGT, Cambridge University Hospitals NHS Foundation Trust (RGT) ," 3,785 "," 31,145 "," 5,285 "," 2,220 "," 1,160 "," 5,240 "," 4,405 "," 1,015 "," 7,120 "," 7,410 "," 17,480 "," 1,565 "," 10,405 "," 7,705 "," 7,570 "," 2,845 "," 1,655 "," 16,090 "," 11,610 ", -   ," 6,415 ",
RT1, Cambridgeshire and Peterborough NHS Foundation Trust (RT1) , -   , -   , -   , -   , 25 , -   , -   , -   , -   , -   , -   , -   , -   , -   , -   , -   , -   ," 1,605 ", -   , -   , -   ,
RYV, Cambridgeshire Community Services NHS Trust (RYV) , 655 , * , 25 , 50 , 20 , 55 , 35 , 30 , 35 , 930 , 170 , 95 , 70 , 110 , * , 435 , 30 ," 1,000 ", 200 , -   , 150 ,
RV3, Central and North West London NHS Foundation Trust (RV3) , * , * , * , 30 ," 2,910 ", 15 , -   , * , 50 , 15 , * , -   , 15 , 10 , -   , -   , -   , 820 , 40 , -   , 35 ,
RQM, Chelsea and Westminster Hospital NHS Foundation Trust (RQM) ," 5,035 "," 5,725 "," 2,145 "," 2,325 ", 910 ," 1,675 ", 675 , 565 ," 5,355 "," 8,625 "," 22,130 "," 3,210 "," 8,505 "," 7,970 "," 16,365 "," 7,025 "," 1,405 "," 18,925 "," 12,680 ", -   ," 7,670 ",
RXA, Cheshire and Wirral Partnership NHS Foundation Trust (RXA) , -   , -   , -   , -   ," 1,950 ", 10 , -   , -   , -   , * , -   , -   , -   , -   , -   , -   , -   , * , -   , -   , 325 ,
RFS, Chesterfield Royal Hospital NHS Foundation Trust (RFS) ," 2,975 "," 8,940 "," 2,100 "," 2,000 ", 980 ," 1,210 "," 1,980 ", 350 ," 4,360 "," 6,380 "," 10,925 "," 2,005 "," 5,610 "," 3,785 "," 7,740 ", 740 , 155 ," 8,620 "," 5,155 ", -   ," 6,665 ",
NV313, Circle - Nottingham NHS Treatment Centre (NV313) , 230 ," 5,335 ", 750 , 720 , 15 , 695 , 165 , * , 270 , * ," 8,090 "," 2,515 "," 6,845 "," 1,225 ", 10 , -   , 65 ," 3,405 ", 125 , -   ," 1,340 ",
NV302, Circle Bath Hospital (NV302) , * , 90 , * , * , * , 135 , 660 , * , 120 , 80 , 695 , 25 ," 2,105 ", 230 , -   , -   , * , 120 , 60 , -   , 70 ,
NV323, Circle Reading Hospital (NV323) , * , 55 , 10 , * , * , 130 , 380 , * , * , 90 , 805 , 30 ," 1,815 ", 305 , -   , -   , * ," 1,480 ", 60 , -   , 35 ,
RLN, City Hospitals Sunderland NHS Foundation Trust (RLN) ," 3,400 "," 16,835 "," 2,275 "," 3,330 ", 855 ," 2,355 "," 14,200 "," 1,125 "," 6,885 "," 8,730 "," 13,565 "," 2,230 "," 8,420 "," 8,050 "," 4,870 "," 1,115 ", 605 ," 7,260 "," 5,905 ", -   ," 5,695 ",
NQ108, Clacton Hospital (NQ108) , 15 , 60 , * , * , * , 15 , -   , -   , 125 , 30 , 15 , 10 , 40 , 15 , -   , -   , -   , 120 , 185 , -   , -   ,
NVC28, Clifton Park Hospital (NVC28) , -   , 10 , -   , -   , -   , 135 , -   , -   , * , -   , -   , 10 ," 1,305 ", -   , -   , -   , * , -   , 100 , -   , * ,
NVC29, Cobalt Hospital (NVC29) , 50 , 175 , 30 , * , * , 55 , * , -   , 55 , * ," 2,465 ", 245 , 125 , * , -   , -   , * , 290 , * , -   , 90 ,
NVM01, Cobham Day Surgery Hospital (NVM01) , * , 300 , -   , * , -   , 10 , 345 , -   , * , -   , 590 , 20 , 60 , 160 , -   , -   , * , * , 10 , -   , 10 ,
RJ8, Cornwall Partnership NHS Foundation Trust (RJ8) , 135 , 280 , 10 , 75 , 725 , 120 , * , 10 , 815 , 600 , 210 , 105 , 345 , 255 , -   , -   , * , 625 ," 1,230 ", -   , 25 ,
RJR, Countess of Chester Hospital NHS Foundation Trust (RJR) ," 2,785 "," 7,900 "," 1,935 ", 970 , 485 , 855 ," 3,795 ", 560 ," 5,165 "," 5,740 "," 11,535 "," 2,015 "," 4,085 "," 4,680 "," 11,080 "," 1,195 ", 165 ," 9,320 "," 5,300 ", -   ," 5,520 ",
RXP, County Durham and Darlington NHS Foundation Trust (RXP) ," 5,320 "," 14,200 "," 1,790 "," 2,635 ", 750 ," 1,595 "," 4,980 ", 775 ," 6,750 "," 11,240 "," 10,570 "," 4,010 "," 9,460 "," 5,530 "," 8,945 "," 2,210 ", 250 ," 12,850 "," 10,740 ", -   ," 5,075 ",
RYG, Coventry and Warwickshire Partnership NHS Trust (RYG) , -   , -   , -   , * ," 1,165 ", * , -   , -   , -   , -   , -   , -   , -   , -   , -   , -   , -   ," 1,800 ", -   , -   , 35 ,
RJ6, Croydon Health Services NHS Trust (RJ6) ," 3,090 "," 4,275 "," 1,380 "," 1,225 ", 420 , 845 , 70 , 305 ," 3,215 "," 4,895 "," 11,635 "," 1,265 "," 3,900 "," 4,975 "," 5,120 "," 1,520 ", 150 ," 7,005 "," 3,350 ", -   ," 3,980 ",
RNN, Cumbria Partnership NHS Foundation Trust (RNN) , 65 , 240 , 45 , 40 , 485 , 115 , * , * , 195 , 250 , 75 , 35 , 90 , 150 , -   , -   , * , 450 , 345 , -   , * ,
NQ738, Darent Valley Hospital (NQ738) , -   , -   , -   , -   , -   , -   , -   , -   , -   , -   , 135 , -   , -   , -   , -   , -   , -   , -   , -   , -   , -   ,
RN7-X, Dartford and Gravesham NHS Trust (RN7-X) ," 3,250 "," 11,880 "," 2,390 "," 1,715 ", 440 ," 1,075 ", 125 , 165 ," 3,650 "," 6,085 "," 13,600 "," 2,235 "," 6,005 "," 6,270 "," 7,130 "," 1,115 ", 165 ," 10,810 "," 4,110 ", -   ," 6,945 ",
RY8, Derbyshire Community Health Services NHS Foundation Trust (RY8) , 60 , 515 , 15 , 60 , 90 , 225 ," 1,180 ", 35 , 200 , 265 , 250 , 480 ," 1,535 ", 255 , -   , -   , * , 365 , 625 , -   ," 1,235 ",
RXM, Derbyshire Healthcare NHS Foundation Trust (RXM) , -   , * , -   , * ," 1,360 ", 60 , -   , -   , -   , -   , -   , -   , -   , -   , * , -   , * , 20 , -   , -   , * ,
NR505, Derriford Hospital Clinic (NR505) , -   , -   , -   , -   , -   , -   , -   , -   , -   , -   , -   , -   , -   , -   , -   , -   , -   , 25 , -   , -   , -   ,
NTPH3, Devizes NHS Treatment Centre (NTPH3) , 35 , 25 , 15 , -   , * , * , 475 , -   , 10 , 45 ," 2,675 ", 15 , 175 , 95 , -   , -   , * , 215 , 325 , -   , 60 ,
RWV, Devon Partnership NHS Trust (RWV) , -   , -   , -   , -   , * , -   , -   , -   , -   , -   , -   , -   , -   , -   , -   , -   , -   , 20 , -   , -   , -   ,
RP5, Doncaster and Bassetlaw Teaching Hospitals NHS Foundation Trust (RP5) ," 3,850 "," 8,935 "," 2,645 "," 2,705 ", 880 ," 1,765 "," 9,130 ", 695 ," 6,465 "," 8,675 "," 18,235 "," 2,370 "," 11,960 "," 6,615 "," 8,390 "," 1,765 ", 320 ," 14,655 "," 8,340 ", -   ," 6,200 ",
NNE02, Dorking General Hospital (NNE02) , 10 , 25 , * , * , -   , 55 , 145 , * , 25 , * , 395 , 10 , 900 , 90 , -   , -   , * , 145 , * , -   , 25 ,
RBD, Dorset County Hospital NHS Foundation Trust (RBD) ," 1,620 "," 3,850 "," 1,205 "," 1,005 ", 300 , 820 ," 3,965 ", 390 ," 3,280 "," 3,360 "," 7,820 "," 1,010 "," 3,305 "," 4,265 "," 3,000 ", 520 , 80 ," 6,145 "," 4,470 ", -   ," 3,930 ",
RDY, Dorset Healthcare University NHS Foundation Trust (RDY) , 60 , 280 , 35 , 35 , 830 , 190 , * , * , 185 , 235 ," 1,510 ", 215 , 350 , 305 , * , -   , * ," 1,025 ", 890 , -   , 160 ,
NVC04, Duchy Hospital (NVC04) , * , 185 , 25 , * , -   , 115 , -   , -   ," 1,390 ", 155 , 890 , 30 ," 2,205 ", 445 , -   , -   , 20 , 440 , 115 , -   , 65 ,
RWH, East and North Hertfordshire NHS Trust (RWH) ," 2,800 "," 33,565 "," 2,760 "," 2,475 ", 560 ," 2,045 "," 3,290 ", 915 ," 6,280 "," 8,530 "," 14,520 "," 1,895 "," 6,960 "," 7,250 "," 7,730 "," 1,845 ", 430 ," 7,550 "," 9,965 ", -   ," 9,435 ",
RJN, East Cheshire NHS Trust (RJN) ," 1,275 "," 3,340 ", 485 , 430 , 295 , 375 ," 3,725 ", 140 ," 1,435 "," 3,100 "," 6,735 ", 640 ," 1,740 "," 1,600 "," 2,030 ", 925 , 60 ," 2,630 "," 2,380 ", -   ," 1,715 ",
RVV, East Kent Hospitals University NHS Foundation Trust (RVV) ," 5,130 "," 13,240 "," 2,925 "," 2,565 "," 1,050 "," 3,040 "," 4,860 "," 1,015 "," 11,165 "," 13,345 "," 24,520 "," 4,150 "," 15,660 "," 13,620 "," 10,885 "," 1,745 ", 560 ," 21,210 "," 11,570 ", -   ," 11,530 ",
RXR, East Lancashire Hospitals NHS Trust (RXR) ," 6,205 "," 8,290 "," 3,680 "," 2,250 ", 830 ," 2,165 "," 3,925 ", 890 ," 8,510 "," 13,165 "," 21,745 "," 3,255 "," 9,240 "," 7,990 "," 9,645 "," 3,230 ", 615 ," 15,915 "," 7,695 ", -   ," 8,050 ",
RWK, East London NHS Foundation Trust (RWK) , * , -   , -   , * ," 5,775 ", 35 , -   , -   , -   , * , -   , -   , -   , -   , -   , -   , -   , 135 , * , -   , 80 ,
RDE, East Suffolk and North Essex NHS Foundation Trust (RDE) ," 6,295 "," 36,405 "," 6,030 "," 3,545 "," 1,320 "," 4,200 "," 8,625 "," 1,140 "," 11,300 "," 13,985 "," 24,715 "," 2,980 "," 12,070 "," 12,470 "," 11,810 "," 4,540 ", 555 ," 20,775 "," 10,485 ", -   ," 8,820 ",
RXC, East Sussex Healthcare NHS Trust (RXC) ," 1,785 "," 5,700 "," 1,095 ", 790 , 170 , 615 ," 1,555 ", 175 ," 2,390 "," 2,830 "," 5,270 ", 565 ," 1,680 "," 1,840 "," 1,485 ", 295 , 65 ," 75,365 "," 2,475 ", -   ," 1,345 ",
NAX03, ECCH Beccles Hospital (NAX03) , * , 50 , 15 , * , * , 10 , -   , * , 25 , 30 , 10 , 15 , 25 , 15 , -   , -   , -   , 80 , 105 , -   , -   ,
NTPH2, Emersons Green NHS Treatment Centre (NTPH2) , 55 , 100 , 115 , * , -   , 250 ," 1,270 ", 10 , 25 , 170 ," 5,725 ", 60 ," 1,375 ", 525 , -   , -   , 10 , 520 , 175 , -   , 125 ,
RVR-X, Epsom and St Helier University Hospitals NHS Trust (RVR-X) ," 3,475 "," 4,095 "," 2,020 "," 1,450 ", 850 ," 1,335 "," 4,055 ", 360 ," 4,645 "," 6,560 "," 15,175 "," 2,060 "," 12,665 "," 7,960 "," 6,825 "," 2,370 ", 375 ," 12,325 "," 8,250 ", -   ," 5,355 ",
NVM03, Epsom Day Surgery (Ebbisham Clinics) (NVM03) , -   , 60 , -   , -   , -   , -   , -   , -   , -   , -   , -   , * , -   , -   , -   , -   , -   , -   , -   , -   , -   ,
NVM02, Epsom Day Surgery Limited (NVM02) , * , 300 , -   , -   , -   , 15 , 120 , -   , 10 , -   , 490 , 15 , 50 , 45 , -   , -   , -   , * , * , -   , * ,
R1L, Essex Partnership University NHS Foundation Trust (R1L) , -   , -   , -   , -   ," 1,420 ", * , -   , -   , -   , * , -   , -   , -   , -   , -   , -   , -   ," 3,065 ", -   , -   , 15 ,
NVC05, Euxton Hall Hospital (NVC05) , 90 , 105 , 55 , * , * , 230 , * , * , * , 95 ," 1,720 ", 175 ," 2,700 ", 660 , -   , -   , 10 , 395 , 30 , -   , 175 ,
NVG01, Fairfield Hospital (NVG01) , 10 , 115 , 50 , -   , -   , 120 , 315 , 25 , 190 , 80 ," 1,115 ", 140 ," 1,045 ", 335 , -   , -   , * , 120 , 25 , -   , 75 ,
NVC06, Fitzwilliam Hospital (NVC06) , 30 , 50 , 25 , * , * , 240 , 755 , 20 , 10 , 125 ," 1,565 ", 15 ," 4,245 ", 505 , -   , -   , * , 255 , 100 , -   , 55 ,
AHH01, Foscote Court (Banbury) Trust (AHH01) , -   , * , -   , -   , -   , * , -   , -   , -   , -   , 205 , * , 75 , 55 , -   , -   , * , 20 , -   , -   , * ,
RDU, Frimley Health NHS Foundation Trust (RDU) ," 6,845 "," 11,795 "," 2,860 "," 2,640 "," 1,330 "," 3,105 "," 5,635 "," 1,245 "," 12,015 "," 14,470 "," 27,880 "," 6,330 "," 18,375 "," 13,825 "," 13,670 "," 2,380 ", 535 ," 27,960 "," 15,330 ", -   ," 14,820 ",
NQ106, Fryatt Hospital (NQ106) , 10 , 40 , -   , * , * , * , -   , * , 10 , 25 , * , 10 , 25 , 20 , -   , -   , * , 55 , 115 , -   , -   ,
NVC07, Fulwood Hall Hospital (NVC07) , 75 , 90 , 30 , * , * , 280 ," 1,385 ", 15 , 155 , 135 ," 1,480 ", 95 ," 3,095 ", 595 , -   , -   , * , 420 , 50 , -   , 130 ,
RR7-X, Gateshead Health NHS Foundation Trust (RR7-X) ," 2,005 "," 12,485 "," 1,825 "," 1,535 ", 520 , 755 , 25 , 75 ," 2,695 "," 4,710 "," 9,745 ", 960 ," 4,535 "," 3,655 "," 2,550 "," 1,205 ", 70 ," 7,205 "," 3,845 ", -   ," 3,965 ",
RLT, George Eliot Hospital NHS Trust (RLT) ," 1,075 "," 2,875 ", 370 , 550 , 280 , 655 ," 1,725 ", 40 ," 1,925 "," 2,270 "," 7,665 ", 885 ," 3,605 "," 4,105 "," 3,095 ", 575 , 70 ," 5,300 "," 2,480 ", -   ," 3,075 ",
R1J, Gloucestershire Care Services NHS Trust (R1J) , 105 , 110 , 15 , 35 , 30 , 30 , -   , * , 185 , 320 , 95 , 110 , 205 , 200 , 950 , -   , * , 500 , 500 , -   , 15 ,
RTE, Gloucestershire Hospitals NHS Foundation Trust (RTE) ," 4,630 "," 34,845 "," 3,365 "," 1,985 ", 850 ," 3,185 "," 4,995 ", 795 ," 8,925 "," 10,365 "," 23,160 "," 2,330 "," 9,290 "," 7,965 "," 13,510 "," 1,570 ", 420 ," 12,130 "," 9,555 ", -   ," 11,225 ",
NWV01, GP Care UK (NWV01) , -   , -   , -   , -   , -   , -   , -   , -   , -   , -   , -   , -   , -   , -   , -   , -   , -   , * , -   , -   , -   ,
NDAH9, Gravesham Community Hospital (NDAH9) , -   , -   , -   , -   , -   , -   , -   , -   , -   , -   , -   , -   , -   , -   , -   , -   , -   , 210 , -   , -   , -   ,
RP4, Great Ormond Street Hospital For Children NHS Foundation Trust (RP4) , 220 ," 6,995 ", 880 ," 2,910 ", 40 ," 4,305 ", 490 , 435 ," 1,310 "," 1,610 "," 2,595 ", 445 ," 5,755 "," 2,360 ", -   , 270 ," 8,895 "," 1,385 ", 670 , -   , 980 ,
RN3, Great Western Hospitals NHS Foundation Trust (RN3) ," 3,145 "," 13,995 "," 1,595 "," 1,925 ", 980 ," 1,670 "," 2,930 ", 515 ," 6,080 "," 7,390 "," 13,800 "," 2,495 "," 7,130 "," 5,775 "," 5,610 "," 1,350 ", 290 ," 11,995 "," 6,975 ", -   ," 5,255 ",
RJ1-X, Guy's and St Thomas' NHS Foundation Trust (RJ1-X) ," 2,655 "," 13,715 "," 4,015 "," 3,135 "," 2,140 "," 9,265 "," 5,625 "," 1,330 "," 10,685 "," 10,155 "," 32,940 "," 4,000 "," 13,545 "," 10,945 "," 9,200 "," 1,815 "," 3,895 "," 15,570 "," 10,815 ", -   ," 12,650 ",
RN5-X, Hampshire Hospitals NHS Foundation Trust (RN5-X) ," 3,115 "," 6,065 "," 2,295 "," 1,705 ", 795 ," 2,045 "," 6,625 ", 505 ," 5,525 "," 7,585 "," 18,320 "," 2,445 "," 8,655 "," 7,735 "," 7,485 "," 2,065 ", 220 ," 11,390 "," 6,865 ", -   ," 8,035 ",
RCD, Harrogate and District NHS Foundation Trust (RCD) ," 1,670 "," 11,605 "," 1,225 "," 1,485 ", 380 , 925 ," 1,845 ", 310 ," 2,485 "," 3,515 "," 11,055 ", 835 ," 3,565 "," 3,125 "," 2,445 ", 675 , 185 ," 5,600 "," 2,865 ", -   ," 3,965 ",
NXP04, Hathaway Medical Centre (NXP04) , -   , * , -   , -   , -   , 120 , -   , -   , -   , -   , 165 , * , 85 , -   , -   , -   , * , -   , * , -   , 255 ,
NW612, HCA - 52 Alderley Road (NW612) , -   , -   , -   , -   , -   , -   , 20 , * , -   , -   , * , * , * , * , -   , -   , -   , * , -   , -   , -   ,
RY4, Hertfordshire Community NHS Trust (RY4) , -   , -   , -   , -   , -   , -   , -   , -   , -   , -   , -   , -   , * , -   , -   , -   , -   ," 2,280 ", * , -   , -   ,
RWR, Hertfordshire Partnership University NHS Foundation Trust (RWR) , -   , -   , -   , -   ," 1,235 ", 85 , -   , -   , -   , -   , -   , -   , -   , -   , -   , -   , -   , 585 , -   , -   , * ,
RQX, Homerton University Hospital NHS Foundation Trust (RQX) ," 2,210 "," 2,290 "," 4,095 "," 1,065 ", 240 , 610 , 125 , 155 ," 1,630 "," 3,355 "," 13,020 "," 1,220 "," 2,820 "," 2,965 "," 15,220 "," 2,585 ", 250 ," 7,090 "," 2,840 ", -   ," 8,200 ",
NVC25, Horton NHS Treatment Centre (NVC25) , -   , 15 , -   , -   , -   , 385 , -   , -   , -   , -   , -   , 20 ," 2,480 ", 45 , -   , -   , * , 15 , 60 , -   , * ,
RY9, Hounslow and Richmond Community Healthcare NHS Trust (RY9) , -   , -   , -   , -   , -   , -   , -   , -   , -   , -   , -   , -   , -   , -   , -   , -   , -   , 335 , -   , -   , -   ,
NTX19, Huddersfield Hospital - The One Health Group (NTX19) , -   , -   , -   , -   , -   , -   , -   , -   , -   , -   , -   , -   , 95 , -   , -   , -   , -   , * , -   , -   , -   ,
RWA, Hull and East Yorkshire Hospitals NHS Trust (RWA) ," 3,620 "," 27,515 "," 3,780 "," 2,540 "," 1,155 "," 4,095 "," 6,625 ", 875 ," 10,925 "," 11,755 "," 22,615 "," 3,360 "," 10,840 "," 8,685 "," 7,775 "," 3,260 ", 835 ," 8,710 "," 11,355 ", -   ," 10,360 ",
RV9-X, Humber Teaching NHS Foundation Trust (RV9-X) , 15 , 165 , 35 , 20 , 835 , 45 , -   , * , 60 , 65 , 25 , 35 , 65 , 30 , -   , -   , -   , 515 , 135 , -   , 15 ,
NXP41, IHG Craven Road (NXP41) , -   , -   , -   , -   , -   , * , -   , -   , -   , -   , -   , -   , -   , -   , -   , -   , -   , -   , -   , -   , -   ,
RYJ, Imperial College Healthcare NHS Trust (RYJ) ," 4,805 "," 41,365 "," 8,650 "," 4,915 ", 265 ," 11,865 "," 6,705 ", 810 ," 13,760 "," 9,070 "," 19,595 "," 2,875 "," 8,620 "," 13,080 "," 27,295 "," 4,065 "," 1,075 "," 14,500 "," 8,515 ", -   ," 18,450 ",
R1F-X, Isle of Wight NHS Trust (R1F-X) ," 1,400 "," 6,570 ", 690 , 410 , 395 , 580 ," 1,950 ", 160 ," 1,615 "," 2,075 "," 4,475 ", 470 ," 2,110 "," 1,720 "," 1,300 ", 460 , 60 ," 4,115 "," 1,965 ", -   ," 1,675 ",
RGP, James Paget University Hospitals NHS Foundation Trust (RGP) ," 2,150 "," 6,185 "," 1,785 "," 1,095 ", 445 , 930 ," 7,315 ", 320 ," 3,645 "," 5,195 "," 8,200 "," 2,660 "," 6,135 "," 3,435 "," 3,260 ", 725 , 265 ," 6,645 "," 3,170 ", -   ," 2,555 ",
RXY, Kent and Medway NHS and Social Care Partnership Trust (RXY) , -   , -   , -   , -   , 80 , -   , -   , -   , -   , -   , -   , -   , -   , -   , -   , -   , -   ," 2,980 ", -   , -   , -   ,
RYY, Kent Community Health NHS Foundation Trust (RYY) , * , * , -   , * , * , * , -   , -   , * , * , -   , -   , 10 , * , -   , -   , -   ," 2,245 ", 40 , -   , * ,
RNQ, Kettering General Hospital NHS Foundation Trust (RNQ) ," 2,700 "," 9,015 "," 2,000 "," 2,100 ", 725 ," 1,265 "," 6,435 ", 400 ," 5,570 "," 7,765 "," 14,500 "," 2,025 "," 4,555 "," 5,120 "," 8,170 "," 1,480 ", 380 ," 10,765 "," 5,320 ", -   ," 5,675 ",
ADP02, KIMS Hospital (Newnham Court) (ADP02) , 10 , 110 , * , * , * , 190 , 310 , * , 15 , 50 , 575 , 125 ," 3,075 ", 470 , -   , -   , 10 , 100 , 35 , -   , 55 ,
RJZ, King's College Hospital NHS Foundation Trust (RJZ) ," 4,600 "," 24,400 "," 7,440 "," 7,025 "," 1,180 "," 6,665 "," 9,585 ", 450 ," 13,015 "," 8,940 "," 34,540 "," 4,915 "," 14,265 "," 10,010 "," 18,390 "," 4,735 "," 1,225 "," 17,485 "," 11,155 ", -   ," 12,815 ",
NXP21, Kingskerswell Health Centre (NXP21) , -   , -   , -   , -   , -   , -   , -   , -   , -   , -   , -   , -   , -   , -   , -   , -   , -   , -   , -   , -   , 325 ,
RAX, Kingston Hospital NHS Foundation Trust (RAX) ," 2,100 "," 3,630 ", 910 , 820 , 680 ," 1,200 "," 3,260 ", 405 ," 3,570 "," 6,295 "," 10,460 "," 1,740 "," 4,810 "," 4,700 "," 14,790 "," 2,315 ", 170 ," 8,355 "," 4,510 ", -   ," 7,035 ",
RW5, Lancashire Care NHS Foundation Trust (RW5) , * , 20 , * , * ," 1,665 ", 50 , -   , * , 15 , 35 , * , 10 , 260 , 20 , -   , -   , -   , 355 , 30 , -   , * ,
RXN, Lancashire Teaching Hospitals NHS Foundation Trust (RXN) ," 5,240 "," 12,480 "," 2,675 "," 2,425 ", 560 ," 3,965 "," 2,830 ", 860 ," 7,990 "," 9,050 "," 14,525 "," 3,500 "," 8,200 "," 7,795 "," 15,680 "," 1,415 ", 550 ," 13,595 "," 10,385 ", -   ," 9,835 ",
NXP20, Lawn Medical Centre (NXP20) , -   , -   , -   , -   , -   , 110 , -   , -   , -   , -   , * , -   , * , -   , -   , -   , -   , * , -   , -   , -   ,
RGD, Leeds and York Partnership NHS Foundation Trust (RGD) , -   , -   , -   , * ," 1,125 ", 40 , -   , -   , * , * , -   , -   , -   , -   , -   , -   , -   , 45 , -   , -   , 320 ,
RY6, Leeds Community Healthcare NHS Trust (RY6) , -   , -   , -   , -   , -   , -   , -   , -   , -   , -   , -   , -   , -   , -   , -   , -   , -   , 115 , -   , -   , -   ,
RR8, Leeds Teaching Hospitals NHS Trust (RR8) ," 5,195 "," 18,045 "," 3,015 "," 3,770 "," 1,600 "," 4,665 "," 8,270 ", 855 ," 14,900 "," 12,270 "," 22,895 "," 4,570 "," 18,160 "," 11,335 "," 12,045 "," 2,765 "," 3,550 "," 17,510 "," 17,355 ", -   ," 12,660 ",
RT5, Leicestershire Partnership NHS Trust (RT5) , 65 , 265 , * , 55 ," 1,465 ", 215 , * , 10 , 680 , 480 , 200 , 150 , 540 , 240 , -   , -   , -   , 175 , 975 , -   , 565 ,
RJ2, Lewisham and Greenwich NHS Trust (RJ2) ," 4,825 "," 13,865 "," 4,210 "," 2,315 ", 530 ," 2,075 ", 250 , 940 ," 4,510 "," 11,570 "," 17,730 "," 3,720 "," 7,240 "," 7,200 "," 14,540 "," 5,055 ", 510 ," 15,365 "," 6,965 ", -   ," 14,350 ",
RY5, Lincolnshire Community Health Services NHS Trust (RY5) , * , 135 , 80 , 110 , * , 10 , -   , -   , 35 , 20 , 100 , 10 , 25 , 25 , -   , -   , -   , 55 , 75 , -   , 20 ,
RP7, Lincolnshire Partnership NHS Foundation Trust (RP7) , -   , -   , -   , -   , 610 , 10 , * , -   , -   , -   , -   , -   , -   , * , -   , -   , -   , 370 , -   , -   , 15 ,
NXP40, Litfield House Medical Centre (NXP40) , -   , -   , -   , -   , -   , 10 , -   , -   , -   , -   , * , -   , -   , -   , -   , -   , -   , -   , -   , -   , -   ,
RBQ, Liverpool Heart and Chest Hospital NHS Foundation Trust (RBQ) , 15 ," 1,015 ", 40 , 410 , -   , 10 , -   , -   ," 9,905 ", 620 , 45 , * , 15 , -   , -   , -   , 165 , 765 , 285 , -   , 140 ,
REP, Liverpool Women's NHS Foundation Trust (REP) , 25 ," 1,425 ", 40 , 10 , * , * , 10 , * , 10 , 15 , 95 , 40 , 15 ," 4,950 "," 23,985 "," 2,300 ", 360 , 405 , 175 , -   ," 8,735 ",
NR501, Livewell Southwest (NR501) , 25 , 15 , * , * , 25 , 10 , -   , * , 190 , 40 , 40 , 20 , 50 , 30 , -   , -   , -   , 275 , 240 , -   , 55 ,
NDAJ0, Livingstone Community Hospital (NDAJ0) , -   , -   , -   , -   , -   , -   , -   , -   , -   , -   , -   , -   , -   , -   , -   , -   , -   , 315 , -   , -   , -   ,
R1K, London North West University Healthcare NHS Trust (R1K) ," 5,185 "," 18,200 "," 5,610 "," 3,025 "," 1,115 "," 1,835 "," 3,815 ", 900 ," 10,125 "," 11,500 "," 30,500 "," 4,705 "," 8,750 "," 10,615 "," 10,950 "," 1,695 ", 350 ," 27,690 "," 11,140 ", -   ," 12,220 ",
RC9, Luton and Dunstable University Hospital NHS Foundation Trust (RC9) ," 3,600 "," 10,465 "," 2,700 "," 2,745 ", 770 ," 2,000 "," 3,280 ", 630 ," 4,860 "," 8,820 "," 16,005 "," 2,030 "," 5,420 "," 5,260 "," 15,665 "," 2,745 ", 670 ," 14,525 "," 5,800 ", -   ," 10,540 ",
RWF, Maidstone and Tunbridge Wells NHS Trust (RWF) ," 2,540 "," 7,540 "," 2,045 "," 2,660 ", 930 ," 1,795 "," 5,450 ", 510 ," 5,765 "," 7,855 "," 18,390 "," 3,010 "," 8,960 "," 7,120 "," 7,630 "," 1,980 ", 415 ," 17,620 "," 10,265 ", -   ," 8,825 ",
R0A, Manchester University NHS Foundation Trust (R0A) ," 8,955 "," 29,800 "," 8,390 "," 9,765 "," 1,565 "," 4,870 "," 11,715 "," 1,815 "," 20,475 "," 23,400 "," 42,410 "," 5,870 "," 18,140 "," 19,845 "," 24,895 "," 4,415 "," 5,145 "," 25,915 "," 20,675 ", -   ," 27,625 ",
RPA, Medway NHS Foundation Trust (RPA) ," 3,270 "," 7,220 "," 2,030 "," 1,665 ", 535 ," 1,415 ", 125 , 690 ," 4,970 "," 7,575 "," 10,415 "," 1,945 "," 7,025 "," 5,140 "," 6,120 "," 1,460 ", 370 ," 9,820 "," 4,765 ", -   ," 5,720 ",
RW4, Mersey Care NHS Foundation Trust (RW4) , -   , -   , -   , -   ," 2,020 ", * , -   , -   , -   , -   , -   , -   , -   , -   , -   , -   , -   , 765 , -   , -   , 370 ,
RBT, Mid Cheshire Hospitals NHS Foundation Trust (RBT) ," 2,720 "," 5,675 "," 1,600 ", 980 ," 1,100 "," 1,365 "," 5,645 ", 440 ," 3,625 "," 5,280 "," 13,445 "," 1,465 "," 5,415 "," 4,330 "," 8,025 "," 1,430 ", 175 ," 9,830 "," 5,465 ", -   ," 4,780 ",
RQ8, Mid Essex Hospital Services NHS Trust (RQ8) ," 2,490 "," 16,740 "," 2,005 "," 1,405 ", 515 ," 2,270 "," 2,230 ", 420 ," 4,845 "," 5,300 "," 9,660 "," 3,230 "," 5,500 "," 5,170 "," 6,500 "," 1,460 ", 575 ," 9,390 "," 8,770 ", -   ," 5,205 ",
RXF-X, Mid Yorkshire Hospitals NHS Trust (RXF-X) ," 4,870 "," 24,010 "," 3,775 "," 2,460 ", 960 ," 2,995 "," 2,970 ", 685 ," 6,135 "," 11,040 "," 17,510 "," 3,515 "," 11,100 "," 8,275 "," 15,350 "," 1,620 ", 405 ," 14,890 "," 14,300 ", -   ," 10,360 ",
NXP13, Middleport Medical Centre (NXP13) , -   , -   , -   , -   , -   , 10 , -   , -   , -   , -   , -   , -   , * , -   , -   , -   , -   , -   , -   , -   , -   ,
RRE, Midlands Partnership NHS Foundation Trust (RRE) , 50 , 225 , 370 , 60 ," 1,655 ", 535 , * , * , 295 , 150 , 45 , 55 ," 2,370 ", 105 , -   , -   , * , 835 , 345 , -   , 75 ,
NXP43, Millstream House (NXP43) , -   , -   , -   , -   , -   , * , -   , -   , -   , -   , 105 , * , 20 , -   , -   , -   , -   , -   , -   , -   , -   ,
RD8, Milton Keynes University Hospital NHS Foundation Trust (RD8) ," 2,790 "," 11,070 "," 1,395 "," 1,340 ", 330 , 735 ," 1,565 ", 450 ," 2,950 "," 5,780 "," 9,260 "," 1,265 "," 3,410 "," 4,020 "," 6,940 ", 480 , 155 ," 17,995 "," 4,030 ", -   ," 1,950 ",
RP6, Moorfields Eye Hospital NHS Foundation Trust (RP6) , 10 ," 1,130 ", * , 30 , -   , 25 ," 35,950 ", * , * , * , -   , 120 , 10 , -   , -   , -   , 505 , 10 , 670 , -   , 190 ,
NR527, Mount Gould Hospital (NR527) , -   , -   , -   , -   , -   , -   , -   , -   , * , -   , -   , -   , -   , -   , -   , -   , -   , 75 , -   , -   , -   ,
NVC08, Mount Stuart Hospital (NVC08) , * , 170 , * , -   , -   , 130 , 460 , * , * , 75 , 830 , 70 , 935 , 785 , -   , -   , * , 160 , 20 , -   , 155 ,
NVC09, New Hall Hospital (NVC09) , 10 , 30 , 10 , * , -   , 355 , 530 , 10 , * , 70 , 435 , 25 ," 3,885 ", 535 , -   , -   , * , 75 , 95 , -   , 80 ,
ACG20, Newmedica - Bristol - Litfield House (ACG20) , -   , -   , -   , -   , -   , -   ," 1,665 ", -   , -   , -   , -   , -   , -   , -   , -   , -   , -   , * , -   , -   , -   ,
ACG10, Newmedica Community Ophthalmology - Bristol - Bristol (ACG10) , -   , -   , -   , -   , -   , -   , 350 , -   , -   , -   , -   , -   , -   , -   , -   , -   , -   , -   , -   , -   , -   ,
ACG13, Newmedica Community Ophthalmology - Gloucestershire - Gloucester (Aspen Centre) (Acg13) (ACG13) , -   , -   , -   , -   , -   , -   ," 3,025 ", -   , -   , -   , -   , -   , -   , -   , -   , -   , -   , 10 , -   , -   , -   ,
ACG19, Newmedica Community Ophthalmology - Leeds (ACG19) , -   , -   , -   , -   , -   , -   , 685 , -   , -   , -   , -   , -   , -   , -   , -   , -   , -   , * , -   , -   , -   ,
ACG07, Newmedica Community Ophthalmology - Leicestershire - Leicester (Stoneygate Eye Hospital) (ACG07) , -   , -   , -   , -   , -   , -   ," 2,425 ", -   , -   , -   , -   , -   , -   , -   , -   , -   , -   , 20 , -   , -   , -   ,
ACG09, Newmedica Community Ophthalmology - North Derbyshire - Barlborough Treatment Centre (ACG09) , -   , * , -   , -   , -   , -   ," 1,555 ", -   , -   , -   , -   , * , -   , -   , -   , -   , -   , * , -   , -   , -   ,
ACG12, Newmedica Community Ophthalmology - North East Lincolnshire - Grimsby (ACG12) , -   , -   , -   , -   , -   , -   ," 1,185 ", -   , -   , -   , -   , * , -   , -   , -   , -   , -   , 10 , -   , -   , -   ,
RM1, Norfolk and Norwich University Hospitals NHS Foundation Trust (RM1) ," 4,300 "," 41,095 "," 3,660 "," 2,860 ", 970 ," 2,360 "," 6,855 ", 910 ," 11,445 "," 10,215 "," 23,225 "," 3,580 "," 10,865 "," 9,025 "," 12,665 "," 1,805 "," 1,040 "," 14,980 "," 10,845 ", -   ," 10,770 ",
RMY-X, Norfolk and Suffolk NHS Foundation Trust (RMY-X) , -   , -   , -   , -   ," 1,690 ", 15 , -   , -   , -   , -   , -   , -   , -   , -   , -   , -   , -   ," 1,140 ", -   , -   , 15 ,
RY3, Norfolk Community Health and Care NHS Trust (RY3) , 20 , 115 , * , 10 , * , 30 , -   , * , 120 , 80 , 30 , 30 , 80 , 45 , -   , -   , -   ," 2,075 ", 240 , -   , 300 ,
RVJ-X, North Bristol NHS Trust (RVJ-X) ," 2,590 "," 15,030 "," 4,270 "," 1,865 "," 1,185 "," 3,995 ", 110 , 150 ," 6,525 "," 6,360 "," 15,365 "," 4,105 "," 9,900 "," 11,015 "," 15,705 "," 3,245 ", 365 ," 18,515 "," 12,160 ", -   ," 9,250 ",
RNL, North Cumbria University Hospitals NHS Trust (RNL) ," 3,415 "," 11,865 "," 1,270 "," 1,600 ", 445 ," 1,535 "," 3,345 ", 365 ," 6,395 "," 6,865 "," 13,280 "," 1,285 "," 3,935 "," 4,370 "," 4,245 "," 1,130 ", 195 ," 5,120 "," 4,280 ", -   ," 4,415 ",
NVC11, North Downs Hospital (NVC11) , 15 , 80 , * , * , * , 80 , 160 , -   , 20 , -   , 545 , 55 ," 1,035 ", 335 , -   , -   , * , 175 , 35 , -   , 60 ,
RAT, North East London NHS Foundation Trust (RAT) , 25 , 10 , 15 , 125 ," 1,535 ", * , -   , -   , -   , -   , -   , -   , -   , -   , -   , -   , -   , 745 , -   , -   , 25 ,
NTP15, North East London Treatment Centre Care Uk (NTP15) , 125 , 315 , 50 , * , -   , 210 , 725 , -   , 10 , * ," 3,450 ", 325 ," 1,725 ", 135 , * , -   , * , 665 , * , -   , 155 ,
RAP, North Middlesex University Hospital NHS Trust (RAP) ," 2,990 "," 10,030 "," 2,555 "," 1,370 ", 610 ," 1,015 "," 4,735 ", 155 ," 3,420 "," 5,810 "," 9,410 "," 1,740 "," 4,150 "," 6,005 "," 6,510 "," 2,455 ", 250 ," 8,475 "," 3,965 ", -   ," 4,970 ",
RLY, North Staffordshire Combined Healthcare NHS Trust (RLY) , * , -   , * , * ," 1,360 ", 130 , * , * , * , * , * , * , * , * , -   , -   , -   , 185 , * , -   , 680 ,
RVW, North Tees and Hartlepool NHS Foundation Trust (RVW) ," 4,775 "," 12,255 "," 3,090 "," 2,275 ", 720 ," 1,325 ", 110 , 285 ," 5,240 "," 9,065 "," 14,600 "," 1,645 "," 7,105 "," 5,845 "," 5,750 "," 1,570 ", 165 ," 10,250 "," 4,935 ", -   ," 4,830 ",
RGN, North West Anglia NHS Foundation Trust (RGN) ," 4,655 "," 17,985 "," 2,525 "," 2,005 ", 765 ," 1,975 "," 4,955 ", 840 ," 6,555 "," 9,665 "," 17,480 "," 2,715 "," 8,275 "," 7,895 "," 8,585 "," 1,640 ", 445 ," 18,855 "," 8,735 ", -   ," 8,815 ",
RTV, North West Boroughs Healthcare NHS Foundation Trust (RTV) , -   , -   , -   , -   ," 1,095 ", * , -   , -   , -   , -   , -   , -   , -   , -   , -   , -   , -   ," 1,500 ", * , -   , 35 ,
RNS, Northampton General Hospital NHS Trust (RNS) ," 3,615 "," 14,160 "," 2,355 "," 3,335 "," 1,335 "," 2,380 "," 3,170 ", 545 ," 6,100 "," 7,945 "," 13,205 "," 2,170 "," 5,635 "," 5,355 "," 11,540 "," 1,640 ", 445 ," 13,135 "," 8,030 ", -   ," 7,220 ",
RP1, Northamptonshire Healthcare NHS Foundation Trust (RP1) , -   , -   , -   , -   , 365 , 20 , -   , -   , -   , -   , -   , -   , -   , -   , -   , -   , -   ," 2,235 ", -   , -   , * ,
RBZ, Northern Devon Healthcare NHS Trust (RBZ) ," 1,185 "," 8,330 "," 1,250 "," 1,015 ", 280 ," 1,160 "," 2,220 ", 60 ," 2,750 "," 3,195 "," 6,895 "," 1,005 "," 4,075 "," 2,815 "," 3,490 ", 620 , 85 ," 5,280 "," 2,935 ", -   ," 2,970 ",
RJL-X, Northern Lincolnshire and Goole NHS Foundation Trust (RJL-X) ," 2,965 "," 13,880 "," 2,680 "," 1,495 ", 525 ," 1,350 "," 8,095 ", 385 ," 6,375 "," 7,565 "," 18,330 "," 1,555 "," 7,100 "," 6,915 "," 7,825 "," 1,340 ", 160 ," 12,340 "," 4,860 ", -   ," 7,265 ",
RX4," Northumberland, Tyne and Wear NHS Foundation Trust (RX4) ", -   , * , -   , * ," 1,580 ", 130 , -   , -   , 30 , -   , -   , -   , * , -   , * , -   , * , 475 , 55 , -   , 20 ,
RTF, Northumbria Healthcare NHS Foundation Trust (RTF) ," 4,575 "," 21,200 "," 1,600 "," 1,860 "," 1,640 "," 2,800 ", 165 , 275 ," 7,125 "," 8,675 "," 18,420 "," 2,405 "," 12,980 "," 4,825 "," 4,860 "," 1,080 ", 360 ," 13,500 "," 10,555 ", -   ," 6,015 ",
RX1, Nottingham University Hospitals NHS Trust (RX1) ," 7,435 "," 42,890 "," 6,475 "," 2,915 "," 1,670 "," 6,090 "," 8,985 "," 1,165 "," 11,965 "," 12,570 "," 17,685 "," 3,160 "," 12,145 "," 8,975 "," 19,430 "," 2,485 "," 1,940 "," 24,895 "," 16,025 ", -   ," 16,835 ",
RHA, Nottinghamshire Healthcare NHS Foundation Trust (RHA) , 60 , 240 , * , 10 ," 1,935 ", 145 , -   , * , 70 , 100 , 35 , 20 , 65 , 20 , 20 , * , * , 410 , 245 , -   , 30 ,
NT202," Nuffield Health, Bournemouth Hospital (NT202) ", * , 310 , * , -   , -   , 30 , * , * , -   , -   , 165 , 60 , 200 , 60 , -   , -   , * , 10 , * , -   , * ,
NT204," Nuffield Health, Brentwood Hospital (NT204) ", * , 70 , -   , * , -   , * , 60 , 30 , -   , 170 , 125 , * , 625 , 535 , -   , -   , * , 25 , 20 , -   , 10 ,
NT205," Nuffield Health, Brighton Hospital (NT205) ", -   , -   , -   , -   , 245 , * , -   , -   , -   , -   , 100 , * , 260 , * , -   , -   , -   , -   , 10 , -   , * ,
NT206," Nuffield Health, Bristol Hospital (Chesterfield) (NT206) ", * , * , 25 , -   , -   , 130 , 485 , -   , -   , * , 330 , * ," 1,010 ", * , -   , -   , * , 195 , * , -   , * ,
NT209," Nuffield Health, Cambridge Hospital (NT209) ", * , 10 , -   , -   , -   , 15 , -   , -   , -   , -   , 90 , * , 305 , -   , -   , -   , -   , 25 , -   , -   , * ,
NT211," Nuffield Health, Cheltenham Hospital (NT211) ", -   , * , -   , -   , -   , * , -   , -   , -   , -   , 35 , -   , 60 , -   , -   , -   , -   , * , * , -   , -   ,
NT212," Nuffield Health, Chichester Hospital (NT212) ", -   , 15 , -   , * , -   , 25 , -   , -   , -   , -   , 40 , -   , 995 , 110 , -   , -   , * , 10 , 20 , -   , 15 ,
NT213," Nuffield Health, Derby Hospital (NT213) ", -   , 15 , * , -   , * , 20 , -   , 30 , -   , 145 , 205 , * ," 1,565 ", -   , -   , -   , * , 30 , 40 , -   , * ,
NT215," Nuffield Health, Exeter Hospital (NT215) ", * , * , -   , -   , -   , -   , -   , -   , 25 , -   , 35 , * , 130 , -   , -   , -   , -   , * , * , -   , * ,
NT218," Nuffield Health, Haywards Heath Hospital (NT218) ", -   , * , -   , -   , -   , 30 , -   , -   , -   , -   , 90 , * , 300 , 15 , -   , -   , * , 15 , 15 , -   , * ,
NT219," Nuffield Health, Hereford Hospital (NT219) ", -   , * , -   , -   , * , * , -   , 10 , -   , 40 , 225 , * , 325 , * , -   , -   , * , * , * , -   , * ,
NT225," Nuffield Health, Leeds Hospital (NT225) ", 65 , 70 , 10 , * , * , 200 , -   , * , -   , 335 ," 1,240 ", 35 ," 1,590 ", 480 , -   , -   , * , 270 , 50 , -   , 40 ,
NT226," Nuffield Health, Leicester Hospital (NT226) ", -   , 10 , -   , -   , * , 60 , -   , 40 , -   , 175 , 655 , * , 615 , 10 , -   , -   , * , 10 , 10 , -   , 15 ,
NT229," Nuffield Health, Newcastle Upon Tyne Hospital (NT229) ", -   , -   , -   , -   , -   , -   , -   , -   , -   , -   , -   , -   , 240 , -   , -   , -   , * , -   , * , -   , 125 ,
NT230," Nuffield Health, North Staffordshire Hospital (NT230) ", * , 20 , -   , * , -   , 140 , -   , -   , -   , -   , 25 , 10 ," 2,280 ", * , -   , -   , 10 , 10 , 55 , -   , 10 ,
NT233," Nuffield Health, Plymouth Hospital (NT233) ", 10 , 50 , 15 , * , 65 , 25 , -   , -   , * , -   , 870 , 40 , 990 , 45 , -   , -   , 10 , 235 , 30 , -   , 55 ,
NT235," Nuffield Health, Shrewsbury Hospital (NT235) ", -   , * , -   , -   , -   , 145 ," 1,150 ", -   , -   , -   , 60 , * , 705 , -   , -   , -   , -   , -   , 20 , -   , * ,
NT238," Nuffield Health, Taunton Hospital (NT238) ", -   , * , -   , -   , -   , 150 , -   , * , -   , 80 , 80 , * , 530 , 20 , -   , -   , -   , * , 10 , -   , * ,
NT237," Nuffield Health, Tees Hospital (NT237) ", -   , 10 , -   , * , * , 65 ," 2,220 ", -   , * , -   , 195 , * ," 1,230 ", -   , -   , -   , * , * , 45 , -   , * ,
NT210," Nuffield Health, The Grosvenor Hospital, Chester (NT210) ", -   , * , -   , 115 , -   , * , -   , -   , -   , -   , 10 , * , 515 , -   , -   , -   , * , -   , 15 , -   , -   ,
NT239," Nuffield Health, Tunbridge Wells Hospital (NT239) ", * , 10 , * , -   , -   , 30 , 10 , -   , -   , 35 , 160 , -   , 430 , 15 , -   , -   , -   , 10 , * , -   , * ,
NT224," Nuffield Health, Warwickshire Hospital (NT224) ", -   , * , -   , -   , -   , 60 , -   , -   , -   , -   , -   , * , 590 , -   , -   , -   , -   , -   , 15 , -   , * ,
NT214," Nuffield Health, Wessex Hospital (NT214) ", * , 15 , * , -   , * , 60 , -   , -   , -   , -   , 120 , * , 840 , * , -   , -   , * , 30 , 20 , -   , * ,
NT241," Nuffield Health, Woking Hospital (NT241) ", -   , * , -   , -   , -   , 10 , 60 , -   , -   , -   , -   , -   , 420 , * , -   , -   , * , * , * , -   , * ,
NT242," Nuffield Health, Wolverhampton Hospital (NT242) ", * , * , -   , -   , -   , 80 ," 1,700 ", -   , -   , -   , 110 , * ," 1,070 ", * , -   , -   , -   , -   , * , -   , * ,
NT245," Nuffield Health, York Hospital (NT245) ", -   , * , * , -   , -   , 15 , -   , -   , -   , -   , * , -   , 770 , * , -   , -   , -   , -   , 55 , -   , * ,
NHW02, Nuffield Hospital (Standard Health) (NHW02) , -   , -   , -   , -   , -   , -   , -   , -   , -   , -   , -   , -   , 30 , -   , -   , -   , * , * , -   , -   , -   ,
NT244, Nuffield Hospital Oxford (The Manor) (NT244) , -   , -   , -   , -   , -   , -   , -   , -   , -   , -   , -   , -   , 165 , -   , -   , -   , -   , -   , * , -   , -   ,
NEY14, Oaklands Hospital (NEY14) , -   , -   , -   , -   , -   , * , -   , -   , -   , -   , -   , -   , 155 , -   , -   , -   , -   , * , -   , -   , -   ,
NVC12, Oaklands Hospital (NVC12) , 105 , 110 , 45 , 10 , * , 205 , 95 , 30 , * , 105 ," 1,865 ", 170 ," 2,120 ", 420 , * , -   , 15 , 360 , 70 , -   , 270 ,
NVC13, Oaks Hospital (NVC13) , * , 25 , 20 , -   , * , 15 , 270 , * , 25 , 10 , 555 , 20 , 270 , 50 , -   , -   , -   , 230 , * , -   , 60 ,
NY6D2, Oasis Health Care (NY6D2) , -   , -   , -   , -   , -   , -   , -   , -   , -   , -   , -   , -   , -   , -   , -   , -   , -   , 10 , -   , -   , -   ,
NXP02, Old Town Surgery (NXP02) , -   , * , -   , -   , -   , * , -   , -   , -   , -   , 10 , * , 30 , -   , -   , -   , -   , -   , * , -   , -   ,
AVQ01, One Ashford Hospital (AVQ01) , * , 10 , -   , -   , -   , 15 , -   , -   , -   , -   , 245 , 10 , 675 , 110 , -   , -   , -   , 45 , * , -   , * ,
AVQ03, One Hatfield Hospital (AVQ03) , -   , -   , -   , -   , -   , -   , -   , -   , -   , -   , -   , -   , * , -   , -   , -   , -   , -   , -   , -   , -   ,
NTX51, One Health Group - Barlborough Treatment Centre (NTX51) , -   , -   , -   , * , -   , * , -   , -   , * , -   , -   , -   , 265 , * , -   , -   , -   , * , * , -   , * ,
NTX12, One Health Group Clinic - Claremont (NTX12) , * , 20 , 10 , * , -   , 15 , * , -   , * , * , 475 , 20 , 180 , 240 , -   , -   , * , 120 , * , -   , 20 ,
NTX09, One Health Group Clinic - Gainsborough (NTX09) , -   , -   , -   , -   , * , * , -   , -   , -   , -   , -   , -   , 245 , * , -   , -   , -   , * , -   , -   , * ,
NTX06, One Health Group Clinic - Osset (NTX06) , -   , * , -   , -   , -   , -   , -   , -   , -   , -   , * , * , 190 , * , -   , -   , -   , * , -   , -   , -   ,
NTX11, One Health Group Clinic - Thornbury (NTX11) , * , 75 , 15 , * , * , 135 , -   , -   , * , * , 740 , 110 ," 1,585 ", 220 , -   , -   , * , 155 , 15 , -   , 40 ,
NTX01, One Health Group Ltd (NTX01) , 10 , 25 , 10 , -   , -   , * , -   , -   , * , -   , 465 , 30 , 565 , * , -   , -   , -   , 105 , * , -   , * ,
NNH05, Optegra (Birmingham Eye Hospital) (NNH05) , -   , -   , -   , -   , -   , -   ," 1,145 ", -   , -   , -   , -   , -   , -   , -   , -   , -   , -   , -   , -   , -   , -   ,
NNH04, Optegra (Manchester Eye Hospital) (NNH04) , -   , * , -   , -   , -   , -   ," 5,260 ", -   , -   , -   , -   , -   , -   , -   , -   , -   , -   , -   , -   , -   , -   ,
NNH06, Optegra (Solent Eye Hospital) (NNH06) , -   , -   , -   , -   , -   , -   , 125 , -   , -   , -   , -   , -   , -   , -   , -   , -   , -   , -   , -   , -   , -   ,
NNH03, Optegra (Surrey Eye Hospital) (NNH03) , -   , -   , -   , -   , -   , -   , 190 , -   , -   , -   , -   , -   , -   , -   , -   , -   , -   , -   , -   , -   , -   ,
NNH07, Optegra London Eye Hospital (NNH07) , -   , -   , -   , -   , -   , -   , 965 , -   , -   , -   , -   , -   , -   , -   , -   , -   , -   , -   , -   , -   , -   ,
NNH02, Optegra Yorkshire Eye Hospital (NNH02) , -   , * , -   , -   , -   , -   ," 1,535 ", -   , -   , -   , -   , -   , -   , -   , -   , -   , -   , -   , -   , -   , -   ,
NQM01, Orthopaedics & Spine Specialist Hospital Site (NQM01) , * , -   , -   , -   , -   , * , -   , -   , -   , -   , -   , -   , 410 , -   , -   , -   , * , * , 15 , -   , * ,
RNU, Oxford Health NHS Foundation Trust (RNU) , 45 , 30 , 10 , 40 ," 1,300 ", 95 , * , -   , 115 , 150 , 25 , 25 , 60 , 95 , -   , * , * , 620 , 200 , -   , 55 ,
RTH, Oxford University Hospitals NHS Foundation Trust (RTH) ," 5,875 "," 21,720 "," 5,155 "," 4,745 "," 1,030 "," 6,525 "," 7,035 "," 1,105 "," 14,000 "," 13,400 "," 27,710 "," 4,335 "," 11,115 "," 13,240 "," 11,405 "," 3,175 "," 2,220 "," 20,210 "," 15,240 ", -   ," 13,995 ",
RPG, Oxleas NHS Foundation Trust (RPG) , -   , -   , -   , -   ," 1,080 ", 20 , -   , -   , -   , -   , -   , -   , -   , -   , -   , -   , -   ," 1,250 ", -   , -   , 15 ,
NY601, Pain Management Solutions - Oaks Park PCC (NY601) , -   , -   , -   , -   , -   , * , -   , -   , -   , -   , -   , -   ," 1,390 ", -   , -   , -   , -   , 105 , -   , -   , -   ,
NY677, Pain Management Solutions - Severn Fields Health Village (NY677) , -   , -   , -   , -   , -   , -   , -   , -   , -   , -   , -   , -   , 55 , -   , -   , -   , -   , 15 , -   , -   , -   ,
NVC14, Park Hill Hospital (NVC14) , -   , * , -   , -   , * , 50 , -   , 10 , -   , 55 , 80 , 15 , 645 , * , -   , -   , -   , * , 35 , -   , * ,
NQT5H, Paulton Memorial Hospital (NQT5H) , * , * , * , * , * , 10 , -   , -   , 15 , 40 , 15 , * , 15 , 20 , -   , -   , -   , 55 , 100 , -   , * ,
NTPH5, Peninsula NHS Treatment Centre (NTPH5) , 25 , * , * , -   , -   , 155 ," 1,545 ", -   , -   , -   , 760 , 10 ," 1,345 ", * , -   , -   , -   , 220 , 50 , -   , 25 ,
RW6, Pennine Acute Hospitals NHS Trust (RW6) ," 8,945 "," 17,895 "," 6,245 "," 4,510 "," 1,570 "," 3,045 "," 3,935 "," 1,080 "," 12,440 "," 20,670 "," 31,110 "," 4,655 "," 15,210 "," 11,450 "," 12,540 "," 5,105 ", 465 ," 24,830 "," 13,030 ", -   ," 9,285 ",
NEQ01, Phoenix Health Solutions Limited (NEQ01) , -   , 375 , 20 , * , * , 45 , 300 , -   , 35 , -   , 170 , * , 445 , 185 , -   , -   , -   , 480 , -   , -   , 250 ,
NVC15, Pinehill Hospital (NVC15) , 45 , 85 , 25 , -   , -   , 75 , 695 , 10 , * , 90 ," 1,375 ", 15 ," 1,375 ", 620 , -   , -   , * , 310 , 30 , -   , 80 ,
NEY01, Pioneer Healthcare Ltd - Claremont Hospital (NEY01) , -   , -   , -   , -   , -   , * , -   , -   , * , -   , -   , -   , 160 , -   , -   , -   , -   , * , * , -   , -   ,
RD3, Poole Hospital NHS Foundation Trust (RD3) ," 3,090 "," 9,940 "," 1,715 "," 1,340 ", 620 ," 1,685 ", 170 ," 1,350 "," 3,025 "," 6,790 "," 11,470 "," 2,905 "," 3,180 "," 2,680 "," 5,330 "," 1,230 ", 270 ," 9,460 "," 7,705 ", -   ," 6,460 ",
RHU, Portsmouth Hospitals NHS Trust (RHU) ," 3,955 "," 12,150 "," 3,565 "," 2,965 "," 1,320 "," 2,265 "," 9,430 "," 1,190 "," 7,995 "," 9,975 "," 20,750 "," 2,810 "," 10,190 "," 8,100 "," 8,450 "," 1,325 ", 415 ," 17,655 "," 10,945 ", -   ," 9,415 ",
NAM01, Probus Surgical Centre (NAM01) , -   , -   , -   , -   , -   , 295 ," 1,750 ", -   , -   , -   , 515 , -   , * , -   , -   , -   , -   , -   , -   , -   , 345 ,
RPC, Queen Victoria Hospital NHS Foundation Trust (RPC) , 35 ," 3,910 ", * , 15 , 40 ," 1,845 "," 2,870 ", 20 , 15 , 80 ," 3,015 "," 1,365 ", 790 , 45 , * , -   , 170 ," 1,475 "," 4,675 ", -   , 695 ,
NVC0M, Ramsay Croydon Day Hospital (NVC0M) , -   , * , -   , -   , -   , 20 , 110 , -   , -   , -   , * , -   , 95 , 15 , -   , -   , -   , 10 , * , -   , 10 ,
NVC16, Renacres Hospital (NVC16) , 70 , 80 , 40 , -   , -   , 185 , 405 , 40 , * , 165 ," 1,435 ", 40 ," 2,070 ", 410 , * , -   , * , 280 , 35 , -   , 70 ,
NVC19, Rivers Hospital (NVC19) , 85 , 100 , 50 , * , * , 170 ," 1,340 ", * , * , 120 ," 3,970 ", 25 ," 2,060 "," 1,415 ", -   , -   , * , 865 , 35 , -   , 275 ,
RXE, Rotherham Doncaster and South Humber NHS Foundation Trust (RXE) , * , 120 , * , * , 975 , 55 , -   , -   , 20 , 20 , 10 , * , 65 , 15 , -   , -   , -   , 995 , 185 , -   , 30 ,
NVC17, Rowley Hall Hospital (NVC17) , 25 , 35 , 45 , * , * , 110 ," 1,585 ", * , * , * , 990 , 40 ," 2,475 ", 520 , -   , -   , 10 , 500 , 45 , -   , 100 ,
RHW, Royal Berkshire NHS Foundation Trust (RHW) ," 3,305 "," 8,765 "," 2,600 "," 1,480 ", 915 ," 1,630 "," 6,420 ", 545 ," 5,110 "," 6,175 "," 11,230 "," 1,795 "," 8,815 "," 5,280 "," 11,555 "," 1,630 ", 295 ," 15,490 "," 7,515 ", -   ," 9,000 ",
RT3, Royal Brompton & Harefield NHS Foundation Trust (RT3) , 420 ," 1,675 "," 2,195 "," 2,840 ", * ," 2,325 ", * , * ," 11,930 "," 11,410 ", 95 , 105 , 195 , 45 , * , 15 ," 2,250 "," 4,335 ", 670 , -   ," 1,615 ",
REF-X, Royal Cornwall Hospitals NHS Trust (REF-X) ," 3,375 "," 23,490 "," 3,025 "," 3,040 "," 1,020 "," 2,655 "," 4,995 ", 615 ," 7,705 "," 7,250 "," 20,065 "," 2,380 "," 7,485 "," 6,290 "," 10,925 "," 1,505 ", 545 ," 13,305 "," 10,125 ", -   ," 7,745 ",
RH8, Royal Devon and Exeter NHS Foundation Trust (RH8) ," 3,380 "," 17,165 "," 2,880 "," 1,595 ", 880 ," 2,160 "," 6,210 ", 665 ," 7,345 "," 7,865 "," 15,495 "," 3,025 "," 8,005 "," 7,180 "," 5,720 "," 1,060 ", 420 ," 9,565 "," 8,885 ", -   ," 6,550 ",
RAL, Royal Free London NHS Foundation Trust (RAL) ," 4,950 "," 17,350 "," 5,955 "," 3,410 ", 950 ," 1,955 "," 5,235 ", 570 ," 8,925 "," 9,445 "," 24,895 "," 5,915 "," 8,875 "," 9,910 "," 16,055 "," 2,890 ", 700 ," 21,345 "," 11,850 ", -   ," 14,515 ",
RQ6, Royal Liverpool and Broadgreen University Hospitals NHS Trust (RQ6) ," 2,395 "," 7,390 "," 2,295 "," 2,340 "," 1,105 "," 1,365 "," 7,850 ", 370 ," 5,925 "," 7,395 "," 17,435 "," 2,565 "," 8,370 "," 4,570 ", 80 , -   , 365 ," 12,565 "," 7,475 ", -   ," 3,430 ",
RAN, Royal National Orthopaedic Hospital NHS Trust (RAN) , 10 ," 2,095 ", 85 , 20 , * ," 2,010 ", -   , -   , * , * , * , 135 ," 9,925 ", 300 , -   , 40 , 660 , 235 ," 1,445 ", -   , 85 ,
RGM, Royal Papworth Hospital NHS Foundation Trust (RGM) , 65 , 775 , 140 , 750 , 20 ," 3,755 ", * , * ," 11,635 "," 4,075 ", 20 , 10 , 90 , * , * , -   , 125 ," 1,180 ", 260 , -   , 555 ,
RA2, Royal Surrey County Hospital NHS Foundation Trust (RA2) ," 2,285 "," 12,935 "," 2,170 ", 820 , 655 ," 1,160 "," 2,375 ", 635 ," 3,150 "," 4,920 "," 15,110 "," 1,930 "," 5,955 "," 4,410 "," 4,830 "," 1,295 ", 200 ," 8,730 "," 6,465 ", -   ," 5,395 ",
RD1, Royal United Hospitals Bath NHS Foundation Trust (RD1) ," 3,090 "," 9,795 "," 2,475 "," 1,500 ", 545 ," 1,955 "," 1,950 ", 460 ," 5,150 "," 6,610 "," 11,045 "," 1,550 "," 5,990 "," 4,035 "," 6,380 "," 1,380 ", 300 ," 16,415 "," 7,570 ", -   ," 5,715 ",
8G301, Ryalls Ann (Counsellor) (8G301) , -   , -   , -   , -   , -   , -   , -   , -   , -   , -   , * , -   , 60 , 10 , -   , -   , -   , 20 , -   , -   , -   ,
RM3, Salford Royal NHS Foundation Trust (RM3) ," 2,260 "," 8,240 "," 3,595 "," 3,545 "," 1,360 "," 9,220 ", 130 , 415 ," 5,575 "," 5,685 "," 12,575 "," 2,900 "," 11,275 "," 5,645 "," 2,920 ", 80 , 190 ," 12,350 "," 7,895 ", -   ," 3,605 ",
RNZ, Salisbury NHS Foundation Trust (RNZ) ," 1,510 "," 4,610 ", 865 , 790 , 220 ," 1,250 "," 1,930 ", 355 ," 3,400 "," 3,170 "," 9,060 "," 1,910 "," 4,735 "," 3,140 "," 6,045 ", 945 , 380 ," 7,500 "," 5,320 ", -   ," 4,125 ",
RXK-X, Sandwell and West Birmingham Hospitals NHS Trust (RXK-X) ," 3,795 "," 6,135 "," 3,445 "," 1,790 ", 905 ," 1,170 "," 8,570 ", 330 ," 5,670 "," 9,070 "," 8,945 "," 3,710 "," 5,255 "," 4,570 "," 8,720 "," 2,855 ", 265 ," 12,255 "," 6,810 ", -   ," 4,955 ",
AXG02, Savernake Community Hospital (AXG02) , * , * , -   , 10 , * , 10 , -   , * , 15 , 35 , * , 10 , 10 , 15 , -   , -   , * , 65 , 95 , -   , -   ,
RCU, Sheffield Children's NHS Foundation Trust (RCU) , 830 ," 2,350 ", 655 , 525 , 145 ," 1,145 ", 395 , 485 , 75 ," 2,050 "," 4,050 ", 600 ," 1,730 "," 1,135 ", -   , 330 ," 2,025 "," 1,770 "," 2,145 ", -   ," 2,260 ",
RHQ, Sheffield Teaching Hospitals NHS Foundation Trust (RHQ) ," 4,580 "," 52,475 "," 6,325 "," 4,300 "," 1,445 "," 8,565 "," 8,660 ", 810 ," 17,660 "," 10,860 "," 31,360 "," 5,475 "," 15,745 "," 8,125 "," 20,945 "," 3,160 "," 1,115 "," 17,770 "," 12,615 ", -   ," 12,900 ",
NDAJ1, Sheppey Community Hospital (NDAJ1) , -   , -   , -   , -   , -   , -   , -   , -   , -   , -   , -   , -   , -   , -   , -   , -   , -   , 270 , -   , -   , -   ,
NTPH1, Shepton Mallet NHS Treatment Centre (NTPH1) , 35 , 50 , 20 , -   , * , 255 ," 1,410 ", 15 , * , 125 ," 1,510 ", 20 ," 2,190 ", 190 , -   , -   , * , 295 , 70 , -   , 130 ,
RK5, Sherwood Forest Hospitals NHS Foundation Trust (RK5) ," 3,185 "," 8,770 "," 2,625 "," 1,580 ", 725 ," 1,635 "," 2,280 ", 485 ," 5,055 "," 6,535 "," 11,170 "," 2,695 "," 6,935 "," 4,690 "," 9,440 "," 1,230 ", 195 ," 12,680 "," 5,565 ", -   ," 6,035 ",
RXW, Shrewsbury and Telford Hospital NHS Trust (RXW) ," 3,690 "," 27,765 "," 3,320 "," 3,415 ", 445 ," 2,015 "," 3,970 ", 500 ," 8,720 "," 10,825 "," 20,565 "," 2,210 "," 4,080 "," 8,455 "," 6,125 "," 1,630 ", 335 ," 14,505 "," 7,075 ", -   ," 7,010 ",
R1D, Shropshire Community Health NHS Trust (R1D) , 40 , 110 , * , 30 , 25 , 85 , * , * , 175 , 240 , 775 , 60 , 245 , 235 , -   , -   , -   , 420 , 465 , -   , 70 ,
NDAJ2, Sittingbourne Memorial Hospital (NDAJ2) , -   , -   , -   , -   , -   , -   , -   , -   , -   , -   , -   , -   , -   , -   , -   , -   , -   , 265 , -   , -   , -   ,
R1C, Solent NHS Trust (R1C) , 15 , 75 , * , 10 , 20 , 45 , * , -   , 80 , 140 , 40 , 35 , 110 , 75 , -   , -   , -   , 95 , 335 , -   , -   ,
RH5, Somerset Partnership NHS Foundation Trust (RH5) , 35 , 120 , 10 , 30 , 870 , 105 , * , -   , 350 , 160 , 55 , 105 , 310 , 95 , -   , -   , * , 800 , 650 , -   , 35 ,
NFH01, Somerset Surgical Services (NFH01) , 10 , 310 , * , * , -   , 40 , 730 , * , * , * , 415 , 135 , 170 , -   , -   , -   , * , * , * , -   , * ,
NR526, South Hams (Kingsbridge) Hospital (NR526) , -   , -   , -   , -   , -   , -   , -   , -   , -   , -   , -   , -   , -   , -   , -   , -   , -   , 340 , -   , -   , -   ,
RV5, South London and Maudsley NHS Foundation Trust (RV5) , -   , -   , -   , -   ," 4,000 ", * , -   , -   , -   , -   , -   , -   , -   , -   , -   , -   , -   , 170 , * , -   , 65 ,
RTR, South Tees Hospitals NHS Foundation Trust (RTR) ," 5,310 "," 23,195 "," 4,270 "," 3,310 ", 810 ," 4,600 "," 5,055 "," 1,070 "," 10,740 "," 11,010 "," 19,100 "," 4,805 "," 12,025 "," 7,960 "," 7,700 "," 1,765 "," 1,020 "," 12,125 "," 9,710 ", -   ," 7,275 ",
RE9, South Tyneside NHS Foundation Trust (RE9) ," 1,440 "," 4,610 ", 960 , 560 , 320 , 360 , 20 , 30 ," 1,935 "," 3,105 "," 5,560 ", 915 ," 2,410 "," 1,580 "," 2,305 ", 355 , 55 ," 4,800 "," 2,170 ", -   ," 1,400 ",
RJC, South Warwickshire NHS Foundation Trust (RJC) ," 1,905 "," 11,440 ", 895 ," 1,370 ", 340 ," 1,010 "," 2,335 ", 425 ," 3,110 "," 4,310 "," 8,370 "," 1,130 "," 5,520 "," 5,080 "," 4,205 "," 1,560 ", 170 ," 7,315 "," 4,175 ", -   ," 3,430 ",
RQY, South West London and St George's Mental Health NHS Trust (RQY) , -   , -   , -   , -   ," 1,010 ", -   , -   , -   , -   , -   , -   , -   , -   , -   , * , -   , -   , 95 , -   , -   , * ,
RXG, South West Yorkshire Partnership NHS Foundation Trust (RXG) , * , 10 , -   , -   ," 1,680 ", 85 , -   , -   , 125 , -   , -   , -   , -   , -   , -   , -   , -   , 145 , 20 , -   , 15 ,
NTP11, Southampton NHS Treatment Centre (NTP11) , 35 , 395 , 40 , * , 25 , 90 ," 1,190 ", 105 , * , 350 ," 6,170 ", 215 ," 1,865 ", 845 , -   , -   , 15 , 925 , 225 , -   , 260 ,
RAJ, Southend University Hospital NHS Foundation Trust (RAJ) ," 2,100 "," 20,505 "," 2,500 "," 2,115 ", 455 ," 2,105 "," 5,665 ", 485 ," 5,920 "," 6,275 "," 10,120 "," 2,410 "," 8,210 "," 5,560 "," 6,125 ", 830 , 250 ," 13,145 "," 5,320 ", -   ," 5,610 ",
RW1, Southern Health NHS Foundation Trust (RW1) , 220 , 480 , 450 , 145 ," 2,025 ", 195 , * , * , 505 , 715 ," 1,915 ", 180 , 360 , 380 , * , -   , * ," 1,805 ", 710 , -   , 425 ,
RVY, Southport and Ormskirk Hospital NHS Trust (RVY) ," 2,850 "," 5,015 "," 2,210 "," 1,935 ", 590 , 950 ," 2,480 ", 225 ," 2,645 "," 4,715 "," 8,040 "," 1,315 "," 4,660 "," 2,995 "," 3,360 "," 1,010 ", 165 ," 7,545 "," 4,405 ", -   ," 3,075 ",
NPG05, Spamedica - Newton-Le-Willows (NPG05) , -   , -   , -   , -   , -   , -   ," 2,245 ", -   , -   , -   , -   , -   , -   , -   , -   , -   , * , -   , -   , -   , -   ,
NPG13, Spamedica - Skelmersdale (NPG13) , -   , -   , -   , -   , -   , -   , 660 , -   , -   , -   , -   , -   , -   , -   , -   , -   , * , -   , -   , -   , -   ,
NPG02, Spamedica (Birkenhead) (NPG02) , -   , -   , -   , -   , -   , -   ," 3,785 ", -   , -   , -   , -   , -   , -   , -   , -   , -   , * , -   , * , -   , -   ,
NPG11, Spamedica (Birmingham) (NPG11) , -   , -   , -   , -   , -   , -   ," 2,005 ", -   , -   , -   , -   , -   , -   , -   , -   , -   , -   , -   , * , -   , * ,
NPG08, Spamedica (Bolton) (NPG08) , -   , -   , -   , -   , -   , -   ," 4,940 ", -   , -   , -   , -   , -   , -   , -   , -   , -   , -   , -   , 20 , -   , * ,
NPG12, Spamedica (Bradford) (NPG12) , -   , -   , -   , -   , -   , -   , 665 , -   , -   , -   , -   , -   , -   , -   , -   , -   , * , -   , * , -   , -   ,
NPG01, Spamedica (Manchester) (NPG01) , -   , -   , -   , -   , -   , -   ," 5,845 ", -   , -   , -   , -   , -   , -   , -   , -   , -   , * , -   , * , -   , -   ,
NPG10, Spamedica (Sheffiled) (NPG10) , -   , -   , -   , -   , -   , -   ," 3,895 ", -   , -   , -   , -   , -   , -   , -   , -   , -   , * , -   , 20 , -   , 20 ,
NPG07, Spamedica Eye Hospital (Wakefield) (NPG07) , -   , -   , -   , -   , -   , -   ," 7,000 ", -   , -   , -   , -   , -   , -   , -   , -   , -   , * , -   , 10 , -   , 10 ,
NPG06, Spamedica Liverpool (NPG06) , -   , -   , -   , -   , -   , -   ," 2,160 ", -   , -   , -   , -   , -   , -   , -   , -   , -   , * , -   , -   , -   , * ,
NT312, Spire Alexandra Hospital (NT312) , -   , 80 , * , -   , * , 25 , -   , -   , -   , -   , 275 , 60 , 790 , 200 , -   , -   , * , 35 , 50 , -   , 15 ,
NT302, Spire Bristol Hospital (NT302) , -   , * , -   , -   , -   , 220 , 220 , -   , -   , -   , 25 , * ," 1,235 ", -   , -   , -   , -   , -   , 15 , -   , -   ,
NT315, Spire Bushey Hospital (NT315) , * , 30 , -   , -   , -   , 20 , -   , -   , -   , -   , 510 , 30 , 420 , -   , -   , -   , * , 15 , 30 , -   , * ,
NT317, Spire Cambridge Lea Hospital (NT317) , -   , -   , -   , -   , -   , * , -   , -   , -   , -   , 35 , -   , 630 , -   , -   , -   , * , * , 15 , -   , * ,
NT324, Spire Cheshire Hospital (NT324) , 20 , 110 , 25 , * , * , 85 , 305 , 55 , 75 , 170 ," 1,030 ", 125 , 870 , 435 , -   , -   , * , 140 , 75 , -   , 85 ,
NT345, Spire Clare Park Hospital (NT345) , 10 , 30 , * , -   , -   , 20 , -   , * , -   , 15 , 230 , * , 760 , 50 , -   , -   , -   , 55 , 25 , -   , 15 ,
NT344, Spire Dunedin Hospital (NT344) , 10 , 40 , 10 , * , -   , 65 , -   , -   , -   , -   , 610 , 10 , 875 , * , -   , -   , * , 170 , 10 , -   , 35 ,
NT348, Spire Elland Hospital (NT348) , 10 , 70 , * , -   , -   , 200 , -   , -   , 165 , -   , 895 , 20 ," 1,765 ", 705 , -   , -   , * , 255 , 60 , -   , 70 ,
NT347, Spire Fylde Coast Hospital (NT347) , 10 , 100 , 25 , -   , -   , 95 ," 1,385 ", 30 , 95 , 240 , 650 , 30 ," 1,515 ", 570 , * , -   , * , 180 , 75 , -   , 160 ,
NT308, Spire Gatwick Park Hospital (NT308) , * , * , -   , -   , -   , 15 , -   , -   , 35 , -   , 110 , * , 415 , 10 , -   , -   , -   , * , 10 , -   , * ,
NT316, Spire Harpenden Hospital (NT316) , * , 30 , -   , * , * , 115 , -   , 30 , * , 190 , 165 , 35 ," 1,240 ", -   , -   , -   , * , 10 , 105 , -   , * ,
NT319, Spire Hartswood Hospital (NT319) , -   , * , -   , -   , -   , 65 , 240 , 25 , -   , 110 , 215 , 10 , 465 , -   , -   , -   , * , * , 10 , -   , * ,
NT351, Spire Hull and East Riding Hospital (NT351) , 10 , 245 , -   , * , * , 105 , * , 15 , 100 , 35 , 495 , 205 ," 4,485 ", 105 , -   , -   , * , 155 , 90 , -   , 45 ,
NT332, Spire Leeds Hospital (NT332) , 10 , 115 , * , -   , -   , 255 , -   , 55 , -   , 230 , 895 , 170 ," 1,315 ", * , -   , -   , 10 , 65 , 55 , -   , 15 ,
NT322, Spire Leicester Hospital (NT322) , -   , 10 , -   , -   , -   , 95 , -   , -   , * , -   , -   , * ," 1,325 ", -   , -   , -   , * , -   , 45 , -   , * ,
NT321, Spire Little Aston Hospital (NT321) , * , 45 , -   , -   , -   , 80 , -   , -   , -   , -   , 255 , 35 ," 1,770 ", 240 , -   , -   , * , 15 , 55 , -   , 15 ,
NT337, Spire Liverpool Hospital (NT337) , 85 , 155 , 40 , * , -   , 275 , 515 , 65 , * , 290 ," 1,925 ", 20 ," 2,895 ", 270 , -   , -   , * , 375 , 140 , -   , 325 ,
NT314, Spire London East (NT314) , * , 140 , -   , -   , -   , 80 , -   , 60 , -   , 240 , 385 , 120 ," 2,880 ", 220 , -   , -   , * , 25 , 35 , -   , 15 ,
NT327, Spire Manchester Hospital (NT327) , * , 15 , * , -   , * , 65 , -   , 30 , 45 , 200 , 390 , 15 , 830 , 85 , -   , -   , 10 , 85 , 40 , -   , 15 ,
NT350, Spire Methley Park Hospital (NT350) , 10 , 40 , * , * , -   , 140 , -   , 10 , 90 , 70 , 515 , 25 ," 1,415 ", 555 , * , -   , * , 145 , 45 , -   , 85 ,
NT364, Spire Montefiore Hospital (NT364) , 15 , 20 , * , * , -   , 20 , -   , -   , -   , -   , 245 , * , 415 , * , -   , -   , -   , 110 , 15 , -   , 15 ,
NT325, Spire Murrayfield Hospital (NT325) , 10 , 75 , * , -   , -   , 70 , 360 , * , 50 , 40 , 375 , 30 , 785 , 190 , -   , -   , * , 50 , 60 , -   , 30 ,
NT30A, Spire Nottingham Hospital (NT30A) , -   , 10 , -   , -   , -   , 10 , 105 , 10 , -   , 25 , 90 , * , 220 , 50 , -   , -   , * , 35 , * , -   , * ,
NT320, Spire Parkway Hospital (NT320) , * , 50 , * , 15 , -   , 140 , -   , -   , -   , -   , 405 , 15 ," 1,670 ", 205 , -   , -   , * , 35 , 35 , -   , 10 ,
NT305, Spire Portsmouth Hospital (NT305) , -   , * , -   , -   , -   , 85 , -   , -   , -   , -   , 75 , * ," 1,050 ", * , -   , -   , * , * , 20 , -   , -   ,
NT339, Spire Regency Hospital (NT339) , * , 50 , * , -   , -   , 80 , -   , 35 , * , 90 , 405 , 15 , 860 , 140 , -   , -   , -   , 50 , 40 , -   , 35 ,
NT301, Spire South Bank Hospital (NT301) , * , 80 , 10 , * , -   , 195 , -   , 10 , -   , 60 , 710 , 20 , 835 , 240 , -   , -   , * , 115 , 25 , -   , 25 ,
NT304, Spire Southampton Hospital (NT304) , -   , 15 , * , 185 , -   , 35 , -   , -   , -   , -   , 85 , * , 975 , 30 , -   , -   , * , 15 , 35 , -   , * ,
NT3X3, Spire St Anthony's Hospital (NT3X3) , -   , -   , -   , -   , -   , * , -   , -   , -   , -   , 155 , -   , 80 , -   , -   , -   , -   , * , 10 , -   , -   ,
NT309, Spire Sussex Hospital (NT309) , * , 30 , -   , -   , -   , 35 , 150 , 15 , -   , 35 , 70 , 15 , 465 , 145 , -   , -   , -   , 25 , 35 , -   , 15 ,
NT343, Spire Thames Valley Hospital (NT343) , -   , 10 , -   , -   , -   , 10 , -   , * , -   , 15 , 85 , * , 160 , 70 , -   , -   , * , 15 , 20 , -   , * ,
NT310, Spire Tunbridge Wells Hospital (NT310) , -   , 50 , * , * , -   , 35 , -   , -   , -   , 55 , 340 , * , 230 , 95 , -   , -   , -   , 45 , 15 , -   , * ,
NT333, Spire Washington Hospital (NT333) , 25 , 55 , 10 , -   , * , 125 , -   , 10 , 280 , 40 , 785 , 45 ," 2,935 ", 60 , -   , -   , * , 180 , 55 , -   , 25 ,
NT313, Spire Wellesley Hospital (NT313) , * , 10 , -   , * , -   , 425 , -   , -   , -   , -   , 360 , 25 ," 4,365 ", -   , -   , -   , -   , * , 65 , -   , 30 ,
NT338, Spire Yale Hospital (NT338) , -   , -   , -   , -   , -   , * , -   , -   , -   , -   , -   , -   , * , -   , -   , -   , -   , -   , -   , -   , -   ,
NVC18, Springfield Hospital (NVC18) , 20 , 75 , 25 , 10 , * , 55 ," 1,295 ", 25 , * , 230 ," 1,340 ", 30 ," 2,015 ", 805 , -   , -   , 10 , 290 , 35 , -   , 280 ,
NQ713, St Bartholomew's Hospital (Rochester) (NQ713) , -   , -   , -   , -   , -   , -   , -   , -   , -   , -   , -   , -   , -   , -   , -   , -   , -   , 30 , -   , -   , -   ,
RJ7, St George's University Hospitals NHS Foundation Trust (RJ7) ," 3,310 "," 10,215 "," 2,235 "," 2,585 "," 3,215 "," 6,750 ", 335 ," 1,075 "," 11,995 "," 8,065 "," 15,130 "," 3,145 "," 7,220 "," 7,465 "," 10,520 "," 1,535 "," 1,525 "," 14,695 "," 13,115 ", -   ," 11,330 ",
RBN, St Helens and Knowsley Hospital Services NHS Trust (RBN) ," 4,355 "," 10,655 "," 1,150 "," 1,365 "," 1,280 "," 1,630 "," 6,245 ", 525 ," 5,635 "," 8,140 "," 16,000 "," 4,785 "," 7,535 "," 6,635 "," 10,625 "," 1,605 ", 280 ," 17,460 "," 13,325 ", -   ," 7,180 ",
NTE02, St Hugh's Hospital (NTE02) , * , 30 , 15 , * , -   , 100 , 740 , * , * , 35 , 880 , 10 ," 2,165 ", 370 , -   , -   , * , 275 , 50 , -   , 65 ,
NQT5K, St Martins Hospital (NQT5K) , * , * , -   , -   , * , 15 , -   , -   , 70 , 45 , 10 , * , 15 , 20 , -   , -   , -   , 40 , 85 , -   , * ,
NTPAD, St Mary's NHS Treatment Centre (NTPAD) , 140 , 390 , 50 , * , * , 280 ," 1,995 ", -   , * , * ," 4,685 ", 135 , 290 , 245 , -   , -   , * , 455 , * , -   , 190 ,
RWJ, Stockport NHS Foundation Trust (RWJ) ," 3,085 "," 6,145 "," 1,900 ", 975 , 795 ," 1,835 "," 4,605 ", 535 ," 4,870 "," 6,985 "," 13,170 "," 1,635 "," 8,715 "," 6,280 "," 6,750 "," 1,115 ", 270 ," 7,575 "," 6,080 ", -   ," 5,545 ",
RXX, Surrey and Borders Partnership NHS Foundation Trust (RXX) , -   , -   , -   , * , 915 , 30 , -   , -   , -   , -   , -   , -   , -   , -   , -   , -   , -   ," 1,800 ", * , -   , 10 ,
RTP, Surrey and Sussex Healthcare NHS Trust (RTP) ," 2,605 "," 5,585 "," 2,275 "," 1,050 ", 765 ," 1,285 "," 7,060 ", 560 ," 5,460 "," 6,260 "," 15,575 "," 1,645 "," 4,845 "," 5,335 "," 6,280 "," 2,255 ", 255 ," 12,655 "," 5,805 ", -   ," 6,240 ",
RDR, Sussex Community NHS Foundation Trust (RDR) , * , * , -   , 10 , * , * , -   , * , 20 , 45 , * , 10 , 35 , 30 , -   , -   , -   ," 4,005 ", 105 , -   , 60 ,
AJX01, Sussex MSK Partnership 2 Ltd (AJX01) , * , * , * , -   , -   , 55 , -   , * , 10 , * , * , 15 , 820 , -   , -   , -   , * ," 2,295 ", 130 , -   , 10 ,
RX2, Sussex Partnership NHS Foundation Trust (RX2) , -   , -   , -   , -   ," 1,025 ", * , -   , -   , -   , -   , -   , -   , -   , -   , -   , -   , -   ," 1,780 ", -   , -   , * ,
NXP09, Syston Health Centre (NXP09) , -   , -   , -   , -   , -   , 105 , -   , -   , -   , -   , -   , -   , 20 , -   , -   , -   , -   , -   , -   , -   , -   ,
RMP, Tameside and Glossop Integrated Care NHS Foundation Trust (RMP) ," 2,040 "," 2,405 "," 1,485 "," 1,195 ", 465 , 855 , 75 , 375 ," 3,030 "," 5,840 "," 9,680 "," 1,295 "," 3,795 "," 2,390 "," 3,585 ", 995 , 100 ," 5,315 "," 3,115 ", -   ," 2,550 ",
RBA, Taunton and Somerset NHS Foundation Trust (RBA) ," 2,865 "," 14,990 "," 2,220 "," 1,475 ", 620 ," 2,455 "," 3,220 ", 615 ," 6,790 "," 5,625 "," 12,610 "," 1,530 "," 4,675 "," 5,350 "," 7,255 "," 1,080 ", 220 ," 13,245 "," 6,885 ", -   ," 6,445 ",
NR525, Tavistock Hospital (NR525) , -   , -   , -   , -   , -   , -   , -   , -   , -   , -   , -   , -   , -   , -   , -   , -   , -   , 235 , -   , -   , -   ,
NVC0R, Tees Valley Hospital (NVC0R) , 75 , 915 , 60 , 15 , * , 145 , 10 , * , * , * ," 3,150 ", 850 , 650 , 295 , * , -   , * , 735 , 25 , -   , 75 ,
NVC35, Tees Valley Treatment Centre (NVC35) , * , 45 , * , -   , * , 30 , -   , * , -   , -   , 115 , 40 , 95 , 15 , -   , -   , * , 10 , * , -   , * ,
RX3," Tees, Esk and Wear Valleys NHS Foundation Trust (RX3) ", * , -   , -   , * ," 3,815 ", 270 , -   , -   , -   , -   , -   , -   , -   , -   , -   , -   , * , 45 , * , -   ," 2,295 ",
AAH01, Tetbury Hospital Trust (AAH01) , * , 195 , -   , -   , -   , 15 , 440 , * , -   , -   , 170 , 30 , 155 , 95 , -   , -   , -   , 25 , * , -   , * ,
NVC02, The Berkshire Independent Hospital (NVC02) , * , 35 , * , -   , * , 145 , 480 , -   , -   , -   , 425 , 15 , 790 , 350 , -   , -   , * , 100 , 35 , -   , 45 ,
RBV, The Christie NHS Foundation Trust (RBV) , 600 ," 14,460 "," 1,120 ", 625 , 10 , 275 , 110 , * , 420 , 565 , 730 , 265 , 230 , 680 , -   , -   , 20 ," 1,015 ", 400 , -   ," 1,020 ",
REN, The Clatterbridge Cancer Centre NHS Foundation Trust (REN) , 420 ," 4,430 "," 1,345 ", 190 , * , 245 , * , * , 30 , 115 , 145 , 15 , 30 , 95 , * , -   , -   , 205 , 290 , -   , 345 ,
NTPAE, The Croft Shifa Health Centre (NTPAE) , -   , 25 , -   , -   , -   , 10 ," 1,340 ", -   , -   , -   , -   , 10 , -   , -   , -   , -   , * , -   , * , -   , -   ,
RNA, The Dudley Group NHS Foundation Trust (RNA) ," 2,840 "," 11,105 "," 1,915 "," 1,800 ", 350 ," 1,490 "," 6,730 ", 420 ," 5,680 "," 6,620 "," 12,780 "," 3,040 "," 9,265 "," 6,165 "," 14,015 "," 1,705 ", 375 ," 9,770 "," 4,850 ", -   ," 6,080 ",
RAS, The Hillingdon Hospitals NHS Foundation Trust (RAS) ," 2,555 "," 4,425 "," 1,720 ", 955 , 260 ," 1,160 "," 2,340 ", 75 ," 2,220 "," 3,975 "," 8,905 "," 1,370 "," 6,360 "," 3,780 "," 7,620 "," 1,640 ", 210 ," 7,005 "," 3,080 ", -   ," 4,625 ",
NXM01, The Horder Centre - St Johns Road (NXM01) , -   , 10 , -   , -   , -   , 175 , -   , -   , * , -   , -   , 15 ," 3,965 ", -   , -   , -   , 10 , 15 , 200 , -   , -   ,
DX101, The New Foscote Hospital (Foscote Hospital) (DX101) , -   , -   , -   , -   , -   , -   , -   , -   , -   , -   , 15 , -   , * , * , -   , -   , -   , * , -   , -   , * ,
RTD, The Newcastle Upon Tyne Hospitals NHS Foundation Trust (RTD) ," 4,020 "," 39,985 "," 5,515 "," 4,190 "," 1,075 "," 8,250 "," 11,485 "," 1,445 "," 13,015 "," 10,565 "," 24,895 "," 5,825 "," 16,850 "," 12,840 "," 9,550 "," 2,740 "," 3,835 "," 16,585 "," 15,855 ", -   ," 14,545 ",
RQW, The Princess Alexandra Hospital NHS Trust (RQW) ," 1,765 "," 7,680 "," 1,840 "," 1,470 ", 405 , 850 ," 1,085 ", 385 ," 3,955 "," 4,540 "," 9,515 "," 1,475 "," 6,115 "," 4,945 "," 12,620 "," 1,325 ", 140 ," 8,180 "," 4,685 ", -   ," 5,440 ",
RCX," The Queen Elizabeth Hospital, King's Lynn, NHS Foundation Trust (RCX) "," 2,685 "," 12,340 "," 2,980 "," 1,210 ", 555 ," 1,260 "," 6,560 ", 400 ," 4,185 "," 5,385 "," 10,525 "," 2,335 "," 5,125 "," 5,560 "," 6,490 "," 1,145 ", 335 ," 10,220 "," 4,240 ", -   ," 5,170 ",
RL1, The Robert Jones and Agnes Hunt Orthopaedic Hospital NHS Foundation Trust (RL1) , 15 , 460 , 30 , 20 , * ," 1,395 ", -   , * , 20 , 25 , * , 175 ," 9,445 ", 25 , -   , -   , 205 , 55 ," 1,845 ", -   , 545 ,
RFR, The Rotherham NHS Foundation Trust (RFR) ," 2,085 "," 6,520 "," 1,810 ", 790 , 365 , 945 ," 1,715 ", 380 ," 3,020 "," 5,305 "," 10,420 "," 1,315 "," 3,890 "," 5,150 "," 4,650 ", 830 , 105 ," 7,075 "," 4,495 ", -   ," 3,715 ",
RDZ, The Royal Bournemouth and Christchurch Hospitals NHS Foundation Trust (RDZ) ," 1,745 "," 19,395 "," 3,645 "," 2,045 ", 875 ," 1,950 "," 8,725 ", 120 ," 9,955 "," 4,980 "," 17,195 "," 2,005 "," 7,680 "," 6,860 ", 830 , * , 120 ," 10,030 "," 4,610 ", -   ," 3,370 ",
RPY, The Royal Marsden NHS Foundation Trust (RPY) , 620 ," 13,990 "," 1,245 ", 380 , * , 45 , 10 , * , 150 , 370 ," 1,515 ", 160 , 135 , 735 , -   , -   , 10 , 905 , 390 , -   ," 2,680 ",
RRJ, The Royal Orthopaedic Hospital NHS Foundation Trust (RRJ) , -   ," 2,055 ", * , * , * ," 1,610 ", -   , -   , * , -   , -   , 40 ," 9,025 ", -   , -   , -   , 235 , 15 ," 1,225 ", -   , 80 ,
RL4, The Royal Wolverhampton NHS Trust (RL4) ," 3,565 "," 24,550 "," 2,915 "," 1,825 ", 690 ," 1,945 "," 4,970 ", 470 ," 9,070 "," 7,360 "," 16,200 "," 1,895 "," 13,365 "," 5,915 "," 11,105 "," 2,190 ", 555 ," 10,140 "," 6,135 ", -   ," 6,200 ",
NN801, The Spencer Wing (Ramsgate Road) (NN801) , * , 70 , * , * , -   , 10 , -   , 10 , * , 25 , 250 , 25 ," 1,205 ", 310 , -   , -   , * , 55 , 15 , -   , 30 ,
NN802, The Spencer Wing (William Harvey Hospital) (NN802) , -   , * , -   , -   , -   , -   , -   , * , -   , 20 , * , * , 195 , 10 , -   , -   , -   , * , -   , -   , -   ,
NT255, The Vale Hospital (NT255) , -   , -   , -   , -   , -   , -   , * , -   , -   , -   , -   , -   , * , -   , -   , -   , -   , -   , -   , -   , -   ,
RET, The Walton Centre NHS Foundation Trust (RET) , 20 , 660 , 10 , 15 , 35 ," 3,800 ", 70 , * , 665 , * , * , 10 ," 3,810 ", 40 , * , * , 155 , 615 , 600 , -   , 95 ,
NVC44, The Westbourne Centre (NVC44) , * , 45 , -   , * , -   , 40 , 790 , -   , 65 , * , 945 , 90 , 65 , * , -   , -   , * , * , * , -   , 15 ,
NVC20, The Yorkshire Clinic (NVC20) , 120 , 470 , 75 , 10 , 10 , 530 ," 2,325 ", 85 , 15 , 230 ," 3,580 ", 425 ," 3,970 ", 960 , -   , -   , 15 ," 1,135 ", 110 , -   , 340 ,
NLX22, Thornbury Hospital (NLX22) , * , -   , -   , -   , * , * , -   , -   , 10 , 10 , * , * , * , * , -   , -   , -   , 55 , 10 , -   , 75 ,
RA9, Torbay and South Devon NHS Foundation Trust (RA9) ," 2,505 "," 12,495 "," 1,755 "," 1,145 ", 600 ," 1,715 "," 2,525 ", 455 ," 4,785 "," 5,280 "," 10,190 "," 1,390 "," 4,525 "," 3,860 "," 4,090 ", 530 , 145 ," 13,410 "," 5,155 ", -   ," 5,245 ",
NN501, Trafford General Hospital (NN501) , * , 30 , -   , -   , -   , 70 , -   , 25 , * , 120 , 105 , 70 , 395 , 10 , -   , -   , -   , * , * , -   , * ,
NN401, Tyneside Surgical Services (NN401) , 30 , 80 , 10 , * , -   , 30 , * , -   , * , -   , 430 , 60 , 855 , 160 , -   , -   , * , 115 , 15 , -   , 60 ,
RWD, United Lincolnshire Hospitals NHS Trust (RWD) ," 4,500 "," 28,705 "," 3,465 "," 2,490 ", 630 ," 2,280 "," 4,610 ", 535 ," 8,695 "," 9,625 "," 19,715 "," 2,635 "," 10,720 "," 7,800 "," 10,130 "," 1,525 ", 295 ," 13,905 "," 8,530 ", -   ," 8,350 ",
RRV, University College London Hospitals NHS Foundation Trust (RRV) ," 2,470 "," 49,280 "," 8,740 "," 3,120 "," 1,355 "," 9,520 ", 205 ," 1,700 "," 4,650 "," 7,655 "," 23,185 "," 2,460 "," 9,795 "," 7,780 "," 8,640 "," 3,610 "," 1,120 "," 12,200 "," 5,640 ", -   ," 7,030 ",
RHM, University Hospital Southampton NHS Foundation Trust (RHM) ," 3,845 "," 28,045 "," 2,510 "," 2,605 "," 1,215 "," 6,750 "," 6,880 ", 735 ," 11,435 "," 9,970 "," 17,130 "," 2,340 "," 8,780 "," 7,660 "," 7,370 "," 3,120 "," 2,690 "," 15,945 "," 12,415 ", -   ," 8,485 ",
RRK-X, University Hospitals Birmingham NHS Foundation Trust (RRK-X) ," 10,775 "," 49,665 "," 7,650 "," 8,850 "," 2,845 "," 7,235 "," 19,395 "," 1,745 "," 24,115 "," 28,195 "," 42,335 "," 9,210 "," 24,690 "," 19,555 "," 22,815 "," 3,445 "," 1,130 "," 65,810 "," 26,095 ", -   ," 18,020 ",
RA7, University Hospitals Bristol NHS Foundation Trust (RA7) ," 4,270 "," 29,855 "," 2,365 "," 3,020 "," 1,065 "," 2,385 "," 9,420 "," 1,130 "," 8,730 "," 7,895 "," 16,270 "," 2,745 "," 3,890 "," 3,155 "," 13,165 "," 2,955 "," 2,705 "," 13,600 "," 10,145 ", -   ," 7,260 ",
RKB, University Hospitals Coventry and Warwickshire NHS Trust (RKB) ," 4,755 "," 29,005 "," 3,910 "," 3,455 "," 1,435 "," 3,930 "," 5,225 ", 735 ," 9,420 "," 10,070 "," 18,295 "," 5,945 "," 12,565 "," 8,875 "," 11,315 "," 2,245 ", 580 ," 17,890 "," 13,520 ", -   ," 13,405 ",
RTG, University Hospitals of Derby and Burton NHS Foundation Trust (RTG) ," 7,240 "," 34,460 "," 5,590 "," 5,140 "," 1,540 "," 4,600 "," 8,110 "," 1,255 "," 11,000 "," 14,065 "," 28,425 "," 4,160 "," 18,385 "," 10,645 "," 21,800 "," 3,375 ", 850 ," 27,650 "," 13,920 ", -   ," 15,780 ",
RWE, University Hospitals of Leicester NHS Trust (RWE) ," 8,415 "," 38,940 "," 5,650 "," 4,330 "," 1,670 "," 5,730 "," 9,555 "," 1,550 "," 15,515 "," 17,475 "," 36,520 "," 4,580 "," 13,650 "," 14,345 "," 26,015 "," 3,455 "," 2,105 "," 29,860 "," 13,180 ", -   ," 19,285 ",
RTX, University Hospitals of Morecambe Bay NHS Foundation Trust (RTX) ," 2,825 "," 12,715 "," 1,225 "," 1,030 ", 690 ," 1,690 "," 4,070 ", 520 ," 5,175 "," 6,955 "," 12,625 "," 1,650 "," 7,940 "," 5,580 "," 4,690 "," 1,200 ", 245 ," 9,645 "," 6,210 ", -   ," 7,485 ",
RJE, University Hospitals of North Midlands NHS Trust (RJE) ," 5,670 "," 42,565 "," 5,760 "," 4,775 "," 1,770 "," 4,250 "," 4,290 "," 1,285 "," 15,740 "," 17,780 "," 26,605 "," 4,770 "," 13,060 "," 11,545 "," 19,730 "," 3,100 ", 790 ," 27,430 "," 14,335 ", -   ," 13,940 ",
RK9, University Hospitals Plymouth NHS Trust (RK9) ," 3,705 "," 20,605 "," 3,025 "," 2,025 ", 690 ," 3,010 "," 4,060 ", 690 ," 8,545 "," 8,775 "," 12,655 "," 3,020 "," 7,205 "," 5,765 "," 5,695 "," 1,830 ", 630 ," 16,565 "," 10,710 ", -   ," 5,625 ",
NDA01, Virgin Care Services Ltd (Brook Green) (NDA01) , * , * , -   , * , -   , * , -   , -   , 20 , * , -   , * , * , * , -   , -   , -   , 305 , 25 , -   , -   ,
RBK, Walsall Healthcare NHS Trust (RBK) ," 2,315 "," 3,685 "," 1,505 "," 1,700 ", 550 , 655 , 675 , 295 ," 3,500 "," 5,425 "," 9,650 "," 1,910 "," 5,055 "," 3,860 "," 8,290 "," 1,335 ", 140 ," 8,635 "," 3,455 ", -   ," 3,885 ",
NTV0S, Walton Community Hospital (NTV0S) , -   , -   , -   , -   , -   , -   , -   , -   , -   , -   , -   , -   , -   , -   , -   , -   , -   , 565 , -   , -   , -   ,
AXG03, Warminster Community Hospital (AXG03) , 10 , 10 , -   , * , * , * , -   , -   , 15 , 20 , 10 , 10 , 20 , 10 , -   , -   , -   , 55 , 70 , -   , -   ,
RWW, Warrington and Halton Hospitals NHS Foundation Trust (RWW) ," 2,700 "," 4,995 "," 1,485 "," 1,855 ", 810 , 960 ," 4,685 ", 425 ," 3,300 "," 4,875 "," 11,005 "," 1,275 "," 4,570 "," 4,190 "," 5,435 "," 1,460 ", 190 ," 8,435 "," 5,170 ", -   ," 4,045 ",
RWG, West Hertfordshire Hospitals NHS Trust (RWG) ," 4,190 "," 8,745 "," 2,390 "," 1,920 ", 830 ," 1,445 "," 2,130 ", 520 ," 6,520 "," 6,260 "," 16,850 "," 2,200 "," 7,455 "," 6,315 "," 7,410 "," 2,200 ", 530 ," 12,250 "," 5,820 ", -   ," 8,265 ",
NYG32, West Kent Dermatology - Borough Green Medical Practice (NYG32) , -   , -   , -   , -   , -   , -   , -   , -   , -   , -   , -   , -   , -   , -   , -   , -   , -   ," 1,355 ", -   , -   , -   ,
NYG31, West Kent Dermatology - Sevenoaks Hospital (NYG31) , -   , -   , -   , -   , -   , -   , -   , -   , -   , -   , -   , -   , -   , -   , -   , -   , -   , 300 , -   , -   , -   ,
NVC21, West Midlands Hospital (NVC21) , * , 45 , * , * , -   , 175 , 445 , * , * , 60 , 840 , 35 ," 1,740 ", 710 , * , -   , * , 120 , 20 , -   , 105 ,
RGR, West Suffolk NHS Foundation Trust (RGR) ," 2,415 "," 7,175 "," 1,420 "," 1,040 ", 365 , 970 ," 3,000 ", 500 ," 3,980 "," 5,055 "," 9,145 "," 2,095 "," 4,210 "," 3,290 "," 3,630 "," 1,155 ", 220 ," 7,910 "," 4,045 ", -   ," 2,705 ",
RYR-X, Western Sussex Hospitals NHS Foundation Trust (RYR-X) ," 4,155 "," 20,830 "," 3,200 "," 2,710 ", 920 ," 2,390 "," 4,315 ", 625 ," 8,035 "," 7,695 "," 20,630 "," 4,105 "," 7,530 "," 8,125 "," 7,180 "," 1,785 ", 270 ," 17,200 "," 10,260 ", -   ," 6,665 ",
RA3, Weston Area Health NHS Trust (RA3) ," 1,050 "," 5,195 "," 1,300 ", 835 , 220 , 420 , 20 , 60 ," 1,650 "," 2,605 "," 4,495 ", 690 ," 2,265 "," 1,910 ", 145 , 15 , 40 ," 4,025 "," 1,905 ", -   ," 1,130 ",
NXP17, White Horse Health Centre - IHG (NXP17) , -   , -   , -   , -   , -   , 115 , 205 , -   , -   , -   , 185 , * , 50 , -   , -   , -   , * , -   , * , -   , 100 ,
RKE, Whittington Health NHS Trust (RKE) ," 1,470 "," 4,865 "," 3,285 "," 1,055 ", 380 , 535 , 40 , 55 ," 1,145 "," 2,535 "," 9,160 "," 1,040 "," 2,755 "," 2,745 "," 5,125 ", 460 , 70 ," 5,685 "," 2,785 ", -   ," 1,440 ",
NTP16, Will Adams NHS Treatment Centre (NTP16) , 45 , 240 , 10 , * , -   , 45 ," 1,815 ", -   , 75 , -   ," 1,630 ", 160 , 140 , -   , -   , -   , * , 280 , * , -   , 55 ,
AXG01, Wiltshire Health & Care (Chippenham) (AXG01) , 35 , 10 , * , * , * , 10 , -   , * , 155 , 70 , * , * , 15 , * , -   , -   , -   , 60 , 80 , -   , -   ,
NHW03, Wimbourne Community Hospital (Standard Health) (NHW03) , -   , -   , -   , -   , -   , 20 , -   , -   , -   , -   , -   , -   , 40 , -   , -   , -   , -   , * , -   , -   , -   ,
NVC22, Winfield Hospital (NVC22) , 20 , 40 , 15 , * , -   , 190 , -   , -   , * , 55 , 975 , 25 ," 1,465 ", 145 , -   , -   , * , 180 , 30 , -   , 35 ,
RBL, Wirral University Teaching Hospital NHS Foundation Trust (RBL) ," 3,630 "," 10,765 "," 2,215 "," 3,235 "," 1,455 "," 1,760 "," 2,145 ", 635 ," 5,625 "," 9,205 "," 16,800 "," 3,160 "," 6,305 "," 7,435 "," 8,465 "," 2,210 ", 295 ," 11,735 "," 6,450 ", -   ," 5,470 ",
NQ719, Wisdom Hospice (NQ719) , -   , -   , -   , -   , -   , -   , -   , -   , -   , * , -   , -   , -   , -   , -   , -   , -   , 30 , -   , -   , -   ,
NTV0O, Woking Community Hospital (NTV0O) , -   , -   , -   , -   , -   , -   , -   , -   , -   , -   , -   , -   , -   , -   , -   , -   , -   , 290 , -   , -   , -   ,
NVC23, Woodland Hospital (NVC23) , 50 , 105 , 65 , * , * , 225 ," 1,355 ", 15 , * , 120 ," 2,270 ", 90 ," 2,880 ", 865 , * , -   , 10 , 475 , 55 , -   , 70 ,
NVC40, Woodthorpe Hospital (NVC40) , 20 , 55 , 100 , * , * , 260 ," 1,005 ", -   , * , 150 ," 1,465 ", 20 ," 2,175 ", 300 , -   , -   , 10 , 460 , 15 , -   , 100 ,
RWP-X, Worcestershire Acute Hospitals NHS Trust (RWP-X) ," 3,155 "," 29,285 "," 3,475 "," 2,760 ", 630 ," 1,870 "," 13,770 ", 615 ," 7,990 "," 9,000 "," 21,445 "," 2,350 "," 8,005 "," 8,400 "," 8,875 "," 2,310 ", 470 ," 15,975 "," 7,225 ", -   ," 7,950 ",
R1A, Worcestershire Health and Care NHS Trust (R1A) , 10 , 255 , 40 , 25 , 590 , 50 , * , * , 365 , 210 , 75 , 90 , 135 , 155 , * , -   , * ," 1,260 ", 650 , -   ," 3,470 ",
RRF," Wrightington, Wigan and Leigh NHS Foundation Trust (RRF) "," 2,100 "," 5,620 "," 2,690 "," 2,545 ", 705 ," 1,415 "," 1,685 ", 305 ," 4,835 "," 5,540 "," 13,755 "," 1,695 "," 14,070 "," 3,615 "," 3,675 "," 1,385 ", 300 ," 10,925 "," 6,685 ", -   ," 3,105 ",
RLQ, Wye Valley NHS Trust (RLQ) ," 1,860 "," 7,085 "," 1,865 "," 1,035 ", 335 ," 1,045 "," 2,920 ", 335 ," 3,070 "," 4,160 "," 7,835 "," 1,890 "," 4,770 "," 3,450 "," 2,710 ", 825 , 175 ," 7,120 "," 3,145 ", -   ," 3,645 ",
RA4, Yeovil District Hospital NHS Foundation Trust (RA4) ," 1,590 "," 7,445 "," 1,580 ", 875 , 455 , 855 ," 2,075 ", 130 ," 2,510 "," 2,650 "," 6,285 "," 1,050 "," 3,360 "," 2,395 "," 2,440 ", 370 , 65 ," 6,610 "," 3,715 ", -   ," 2,200 ",
RCB, York Teaching Hospital NHS Foundation Trust (RCB) ," 5,555 "," 22,180 "," 4,355 "," 4,280 "," 1,040 "," 3,250 "," 6,445 "," 1,040 "," 10,600 "," 10,200 "," 19,975 "," 4,145 "," 11,155 "," 9,060 "," 11,390 "," 1,855 ", 335 ," 16,465 "," 10,145 ", -   ," 9,905 ",
,,,,,,,,,,,,,,,,,,,,,,,
,,,,,,,,,,,,,,,,,,,,,,,
Disclosure Control,,,,,,,,,,,,,,,,,,,,,,,
"In order to protect patient confidentiality '*' appears in the table above for all sub-national breakdowns, where it is possible to calculate a value between 1 and 7 from the data presented. All other sub-national data has been rounded to the nearest 5.

If the national total is between 1 and 7 (inclusive), no sub-national breakdown will be displayed. 

If the national total is greater than or equal to 8;
a. Sub-national counts between 1 and 7 (inclusive) will be displayed as ’*’.
b. Zeroes will be unchanged.
c. All other counts will be rounded to the nearest 5.",,,,,,,,,,,,,,,,,,,,,,,
,,,,,,,,,,,,,,,,,,,,,,,
"Copyright © 2019, NHS Digital, Secondary Care Analysis. All Rights Reserved.",,,,,,,,,,,,,,,,,,,,,,,
,,,,,,,,,,,,,,,,,,,,,,,
,,,,,,,,,,,,,,,,,,,,,,,
Responsible statistician:,,,,,,,,,,,,,,,,,,,,,,,
"Michael Barnes, Analytical Section Head, Secondary Care Analysis",,,,,,,,,,,,,,,,,,,,,,,
Contact via enquiries@nhsdigital.nhs.uk or 0300 303 5678,,,,,,,,,,,,,,,,,,,,,,,
,,,,,,,,,,,,,,,,,,,,,,,
Return to Contents,,,,,,,,,,,,,,,,,,,,,,,